DT00000001,DTE0000001,PR00000004,Planned Maintenance,7,1,Low
DT00000002,DTE0000002,PR00000025,Quality Inspection,30,0,High
DT00000003,DTE0000002,PR00000026,Quality Inspection,18,0,Medium
DT00000004,DTE0000003,PR00000039,Planned Maintenance,10,1,Medium
DT00000005,DTE0000004,PR00000069,Material Shortage,28,0,High
DT00000006,DTE0000005,PR00000118,Quality Inspection,6,0,Low
DT00000007,DTE0000006,PR00000142,Changeover,3,1,Low
DT00000008,DTE0000007,PR00000153,Process Adjustment,14,0,Medium
DT00000009,DTE0000008,PR00000157,Equipment Failure,8,0,Low
DT00000010,DTE0000009,PR00000169,Changeover,30,1,High
DT00000011,DTE0000009,PR00000170,Changeover,9,1,Low
DT00000012,DTE0000010,PR00000182,Equipment Failure,10,0,Medium
DT00000013,DTE0000011,PR00000225,Changeover,11,1,Medium
DT00000014,DTE0000012,PR00000232,Changeover,17,1,Medium
DT00000015,DTE0000013,PR00000251,Process Adjustment,19,0,Medium
DT00000016,DTE0000014,PR00000268,Process Adjustment,5,0,Low
DT00000017,DTE0000015,PR00000302,Equipment Failure,12,0,Medium
DT00000018,DTE0000016,PR00000368,Process Adjustment,28,0,High
DT00000019,DTE0000017,PR00000375,Process Adjustment,11,0,Medium
DT00000020,DTE0000018,PR00000408,Process Adjustment,28,0,High
DT00000021,DTE0000019,PR00000421,Process Adjustment,26,0,High
DT00000022,DTE0000021,PR00000458,Planned Maintenance,14,1,Medium
DT00000023,DTE0000020,PR00000464,Quality Inspection,14,0,Medium
DT00000024,DTE0000022,PR00000472,Material Shortage,20,0,Medium
DT00000025,DTE0000023,PR00000520,Equipment Failure,3,0,Low
DT00000026,DTE0000024,PR00000539,Changeover,15,1,Medium
DT00000027,DTE0000025,PR00000560,Equipment Failure,24,0,Medium
DT00000028,DTE0000026,PR00000563,Equipment Failure,15,0,Medium
DT00000029,DTE0000027,PR00000571,Changeover,30,1,High
DT00000030,DTE0000027,PR00000572,Changeover,2,1,Low
DT00000031,DTE0000028,PR00000593,Changeover,28,1,High
DT00000032,DTE0000029,PR00000599,Changeover,23,1,Medium
DT00000033,DTE0000030,PR00000630,Quality Inspection,13,0,Medium
DT00000034,DTE0000031,PR00000652,Process Adjustment,11,0,Medium
DT00000035,DTE0000032,PR00000657,Process Adjustment,9,0,Low
DT00000036,DTE0000033,PR00000664,Changeover,17,1,Medium
DT00000037,DTE0000034,PR00000687,Equipment Failure,22,0,Medium
DT00000038,DTE0000035,PR00000720,Changeover,15,1,Medium
DT00000039,DTE0000036,PR00000735,Process Adjustment,18,0,Medium
DT00000040,DTE0000037,PR00000744,Quality Inspection,4,0,Low
DT00000041,DTE0000038,PR00000765,Equipment Failure,30,0,High
DT00000042,DTE0000038,PR00000766,Equipment Failure,12,0,Medium
DT00000043,DTE0000039,PR00000778,Quality Inspection,7,0,Low
DT00000044,DTE0000040,PR00000796,Material Shortage,3,0,Low
DT00000045,DTE0000042,PR00000839,Changeover,30,1,High
DT00000046,DTE0000041,PR00000844,Changeover,8,1,Low
DT00000047,DTE0000043,PR00000856,Changeover,21,1,Medium
DT00000048,DTE0000044,PR00000907,Changeover,28,1,High
DT00000049,DTE0000045,PR00000920,Quality Inspection,18,0,Medium
DT00000050,DTE0000047,PR00000938,Equipment Failure,13,0,Medium
DT00000051,DTE0000046,PR00000939,Process Adjustment,23,0,Medium
DT00000052,DTE0000048,PR00000958,Quality Inspection,30,0,High
DT00000053,DTE0000048,PR00000959,Quality Inspection,3,0,Low
DT00000054,DTE0000049,PR00000965,Quality Inspection,10,0,Medium
DT00000055,DTE0000050,PR00000976,Process Adjustment,20,0,Medium
DT00000056,DTE0000051,PR00001013,Planned Maintenance,30,1,High
DT00000057,DTE0000051,PR00001014,Planned Maintenance,5,1,Low
DT00000058,DTE0000052,PR00001067,Process Adjustment,10,0,Medium
DT00000059,DTE0000053,PR00001078,Changeover,29,1,High
DT00000060,DTE0000054,PR00001081,Changeover,15,1,Medium
DT00000061,DTE0000055,PR00001094,Changeover,8,1,Low
DT00000062,DTE0000056,PR00001115,Equipment Failure,11,0,Medium
DT00000063,DTE0000057,PR00001135,Quality Inspection,21,0,Medium
DT00000064,DTE0000058,PR00001166,Equipment Failure,3,0,Low
DT00000065,DTE0000059,PR00001211,Changeover,30,1,High
DT00000066,DTE0000059,PR00001212,Changeover,4,1,Low
DT00000067,DTE0000060,PR00001224,Changeover,4,1,Low
DT00000068,DTE0000061,PR00001236,Equipment Failure,30,0,High
DT00000069,DTE0000061,PR00001237,Equipment Failure,17,0,Medium
DT00000070,DTE0000062,PR00001243,Planned Maintenance,9,1,Low
DT00000071,DTE0000063,PR00001251,Material Shortage,8,0,Low
DT00000072,DTE0000064,PR00001254,Equipment Failure,11,0,Medium
DT00000073,DTE0000066,PR00001266,Planned Maintenance,9,1,Low
DT00000074,DTE0000065,PR00001268,Process Adjustment,9,0,Low
DT00000075,DTE0000067,PR00001295,Changeover,5,1,Low
DT00000076,DTE0000069,PR00001308,Planned Maintenance,12,1,Medium
DT00000077,DTE0000068,PR00001312,Changeover,6,1,Low
DT00000078,DTE0000070,PR00001323,Planned Maintenance,30,1,High
DT00000079,DTE0000070,PR00001324,Planned Maintenance,12,1,Medium
DT00000080,DTE0000071,PR00001332,Changeover,19,1,Medium
DT00000081,DTE0000072,PR00001335,Changeover,30,1,High
DT00000082,DTE0000072,PR00001336,Changeover,10,1,Medium
DT00000083,DTE0000073,PR00001366,Equipment Failure,30,0,High
DT00000084,DTE0000073,PR00001367,Equipment Failure,3,0,Low
DT00000085,DTE0000074,PR00001392,Changeover,6,1,Low
DT00000086,DTE0000075,PR00001413,Other,8,0,Low
DT00000087,DTE0000076,PR00001419,Quality Inspection,15,0,Medium
DT00000088,DTE0000078,PR00001435,Quality Inspection,14,0,Medium
DT00000089,DTE0000077,PR00001439,Process Adjustment,16,0,Medium
DT00000090,DTE0000079,PR00001448,Material Shortage,18,0,Medium
DT00000091,DTE0000080,PR00001478,Process Adjustment,30,0,High
DT00000092,DTE0000080,PR00001479,Process Adjustment,5,0,Low
DT00000093,DTE0000081,PR00001495,Process Adjustment,4,0,Low
DT00000094,DTE0000082,PR00001511,Material Shortage,10,0,Medium
DT00000095,DTE0000083,PR00001529,Planned Maintenance,18,1,Medium
DT00000096,DTE0000084,PR00001558,Material Shortage,6,0,Low
DT00000097,DTE0000085,PR00001572,Material Shortage,7,0,Low
DT00000098,DTE0000086,PR00001579,Changeover,30,1,High
DT00000099,DTE0000086,PR00001580,Changeover,1,1,Low
DT00000100,DTE0000087,PR00001596,Equipment Failure,6,0,Low
DT00000101,DTE0000088,PR00001602,Other,28,0,High
DT00000102,DTE0000089,PR00001629,Planned Maintenance,30,1,High
DT00000103,DTE0000089,PR00001630,Planned Maintenance,24,1,Medium
DT00000104,DTE0000090,PR00001632,Changeover,6,1,Low
DT00000105,DTE0000091,PR00001646,Process Adjustment,5,0,Low
DT00000106,DTE0000092,PR00001656,Equipment Failure,24,0,Medium
DT00000107,DTE0000093,PR00001665,Material Shortage,7,0,Low
DT00000108,DTE0000094,PR00001716,Quality Inspection,5,0,Low
DT00000109,DTE0000095,PR00001740,Equipment Failure,14,0,Medium
DT00000110,DTE0000096,PR00001750,Equipment Failure,6,0,Low
DT00000111,DTE0000097,PR00001787,Changeover,16,1,Medium
DT00000112,DTE0000098,PR00001804,Planned Maintenance,18,1,Medium
DT00000113,DTE0000099,PR00001816,Changeover,15,1,Medium
DT00000114,DTE0000100,PR00001825,Quality Inspection,3,0,Low
DT00000115,DTE0000101,PR00001837,Changeover,11,1,Medium
DT00000116,DTE0000103,PR00001879,Changeover,25,1,High
DT00000117,DTE0000102,PR00001881,Material Shortage,3,0,Low
DT00000118,DTE0000104,PR00001891,Process Adjustment,10,0,Medium
DT00000119,DTE0000105,PR00001912,Material Shortage,8,0,Low
DT00000120,DTE0000106,PR00001920,Process Adjustment,10,0,Medium
DT00000121,DTE0000107,PR00001959,Changeover,27,1,High
DT00000122,DTE0000109,PR00001991,Changeover,30,1,High
DT00000123,DTE0000109,PR00001992,Changeover,9,1,Low
DT00000124,DTE0000108,PR00001997,Quality Inspection,7,0,Low
DT00000125,DTE0000110,PR00002005,Planned Maintenance,5,1,Low
DT00000126,DTE0000111,PR00002044,Quality Inspection,12,0,Medium
DT00000127,DTE0000112,PR00002053,Process Adjustment,24,0,Medium
DT00000128,DTE0000113,PR00002082,Quality Inspection,4,0,Low
DT00000129,DTE0000114,PR00002101,Equipment Failure,6,0,Low
DT00000130,DTE0000115,PR00002112,Planned Maintenance,10,1,Medium
DT00000131,DTE0000116,PR00002119,Process Adjustment,7,0,Low
DT00000132,DTE0000117,PR00002134,Changeover,13,1,Medium
DT00000133,DTE0000118,PR00002135,Equipment Failure,4,0,Low
DT00000134,DTE0000119,PR00002169,Changeover,30,1,High
DT00000135,DTE0000119,PR00002170,Changeover,3,1,Low
DT00000136,DTE0000120,PR00002196,Changeover,7,1,Low
DT00000137,DTE0000121,PR00002234,Process Adjustment,4,0,Low
DT00000138,DTE0000122,PR00002274,Quality Inspection,10,0,Medium
DT00000139,DTE0000123,PR00002316,Planned Maintenance,4,1,Low
DT00000140,DTE0000125,PR00002377,Process Adjustment,3,0,Low
DT00000141,DTE0000124,PR00002379,Process Adjustment,16,0,Medium
DT00000142,DTE0000126,PR00002386,Other,16,0,Medium
DT00000143,DTE0000127,PR00002437,Planned Maintenance,18,1,Medium
DT00000144,DTE0000128,PR00002451,Quality Inspection,6,0,Low
DT00000145,DTE0000129,PR00002473,Changeover,8,1,Low
DT00000146,DTE0000130,PR00002486,Changeover,5,1,Low
DT00000147,DTE0000131,PR00002518,Planned Maintenance,10,1,Medium
DT00000148,DTE0000132,PR00002536,Changeover,12,1,Medium
DT00000149,DTE0000133,PR00002550,Equipment Failure,30,0,High
DT00000150,DTE0000133,PR00002551,Equipment Failure,3,0,Low
DT00000151,DTE0000134,PR00002573,Process Adjustment,15,0,Medium
DT00000152,DTE0000135,PR00002598,Quality Inspection,3,0,Low
DT00000153,DTE0000136,PR00002600,Planned Maintenance,28,1,High
DT00000154,DTE0000137,PR00002622,Quality Inspection,21,0,Medium
DT00000155,DTE0000138,PR00002640,Equipment Failure,17,0,Medium
DT00000156,DTE0000139,PR00002643,Process Adjustment,10,0,Medium
DT00000157,DTE0000140,PR00002679,Equipment Failure,3,0,Low
DT00000158,DTE0000141,PR00002681,Changeover,30,1,High
DT00000159,DTE0000141,PR00002682,Changeover,5,1,Low
DT00000160,DTE0000143,PR00002714,Changeover,25,1,High
DT00000161,DTE0000142,PR00002718,Equipment Failure,30,0,High
DT00000162,DTE0000142,PR00002719,Equipment Failure,9,0,Low
DT00000163,DTE0000144,PR00002733,Process Adjustment,5,0,Low
DT00000164,DTE0000146,PR00002745,Equipment Failure,16,0,Medium
DT00000165,DTE0000145,PR00002752,Process Adjustment,30,0,High
DT00000166,DTE0000147,PR00002759,Quality Inspection,6,0,Low
DT00000167,DTE0000148,PR00002772,Quality Inspection,10,0,Medium
DT00000168,DTE0000149,PR00002823,Quality Inspection,4,0,Low
DT00000169,DTE0000150,PR00002830,Quality Inspection,30,0,High
DT00000170,DTE0000150,PR00002831,Quality Inspection,18,0,Medium
DT00000171,DTE0000151,PR00002842,Equipment Failure,6,0,Low
DT00000172,DTE0000152,PR00002864,Equipment Failure,3,0,Low
DT00000173,DTE0000153,PR00002873,Changeover,24,1,Medium
DT00000174,DTE0000154,PR00002891,Material Shortage,10,0,Medium
DT00000175,DTE0000155,PR00002935,Changeover,24,1,Medium
DT00000176,DTE0000156,PR00002951,Changeover,30,1,High
DT00000177,DTE0000156,PR00002952,Changeover,2,1,Low
DT00000178,DTE0000157,PR00002977,Material Shortage,13,0,Medium
DT00000179,DTE0000158,PR00002996,Equipment Failure,22,0,Medium
DT00000180,DTE0000159,PR00003013,Equipment Failure,13,0,Medium
DT00000181,DTE0000160,PR00003027,Material Shortage,25,0,High
DT00000182,DTE0000161,PR00003033,Changeover,3,1,Low
DT00000183,DTE0000162,PR00003042,Equipment Failure,9,0,Low
DT00000184,DTE0000163,PR00003077,Changeover,22,1,Medium
DT00000185,DTE0000164,PR00003100,Material Shortage,12,0,Medium
DT00000186,DTE0000165,PR00003115,Equipment Failure,9,0,Low
DT00000187,DTE0000166,PR00003140,Planned Maintenance,23,1,Medium
DT00000188,DTE0000167,PR00003153,Planned Maintenance,26,1,High
DT00000189,DTE0000168,PR00003160,Changeover,22,1,Medium
DT00000190,DTE0000169,PR00003182,Equipment Failure,11,0,Medium
DT00000191,DTE0000170,PR00003207,Process Adjustment,6,0,Low
DT00000192,DTE0000171,PR00003211,Changeover,15,1,Medium
DT00000193,DTE0000172,PR00003250,Quality Inspection,14,0,Medium
DT00000194,DTE0000173,PR00003256,Changeover,14,1,Medium
DT00000195,DTE0000174,PR00003274,Changeover,13,1,Medium
DT00000196,DTE0000175,PR00003287,Planned Maintenance,9,1,Low
DT00000197,DTE0000176,PR00003289,Process Adjustment,6,0,Low
DT00000198,DTE0000177,PR00003298,Process Adjustment,25,0,High
DT00000199,DTE0000178,PR00003317,Changeover,30,1,High
DT00000200,DTE0000178,PR00003318,Changeover,9,1,Low
DT00000201,DTE0000179,PR00003333,Planned Maintenance,6,1,Low
DT00000202,DTE0000180,PR00003336,Changeover,30,1,High
DT00000203,DTE0000180,PR00003337,Changeover,7,1,Low
DT00000204,DTE0000181,PR00003400,Changeover,17,1,Medium
DT00000205,DTE0000182,PR00003410,Equipment Failure,3,0,Low
DT00000206,DTE0000183,PR00003411,Material Shortage,14,0,Medium
DT00000207,DTE0000184,PR00003435,Quality Inspection,7,0,Low
DT00000208,DTE0000186,PR00003444,Equipment Failure,10,0,Medium
DT00000209,DTE0000185,PR00003449,Material Shortage,27,0,High
DT00000210,DTE0000187,PR00003497,Planned Maintenance,10,1,Medium
DT00000211,DTE0000189,PR00003512,Changeover,30,1,High
DT00000212,DTE0000188,PR00003513,Material Shortage,5,0,Low
DT00000213,DTE0000189,PR00003513,Changeover,1,1,Low
DT00000214,DTE0000190,PR00003526,Process Adjustment,4,0,Low
DT00000215,DTE0000191,PR00003531,Material Shortage,12,0,Medium
DT00000216,DTE0000192,PR00003571,Process Adjustment,5,0,Low
DT00000217,DTE0000193,PR00003578,Changeover,30,1,High
DT00000218,DTE0000193,PR00003579,Changeover,5,1,Low
DT00000219,DTE0000194,PR00003628,Equipment Failure,7,0,Low
DT00000220,DTE0000195,PR00003645,Process Adjustment,19,0,Medium
DT00000221,DTE0000196,PR00003694,Planned Maintenance,11,1,Medium
DT00000222,DTE0000197,PR00003709,Changeover,11,1,Medium
DT00000223,DTE0000198,PR00003715,Equipment Failure,5,0,Low
DT00000224,DTE0000199,PR00003728,Quality Inspection,7,0,Low
DT00000225,DTE0000201,PR00003748,Planned Maintenance,15,1,Medium
DT00000226,DTE0000200,PR00003756,Quality Inspection,17,0,Medium
DT00000227,DTE0000202,PR00003772,Material Shortage,26,0,High
DT00000228,DTE0000203,PR00003780,Material Shortage,26,0,High
DT00000229,DTE0000204,PR00003819,Process Adjustment,6,0,Low
DT00000230,DTE0000205,PR00003833,Changeover,18,1,Medium
DT00000231,DTE0000206,PR00003886,Planned Maintenance,30,1,High
DT00000232,DTE0000206,PR00003887,Planned Maintenance,16,1,Medium
DT00000233,DTE0000207,PR00003894,Other,6,0,Low
DT00000234,DTE0000208,PR00003963,Quality Inspection,25,0,High
DT00000235,DTE0000209,PR00003981,Planned Maintenance,17,1,Medium
DT00000236,DTE0000210,PR00003992,Changeover,11,1,Medium
DT00000237,DTE0000211,PR00003995,Changeover,30,1,High
DT00000238,DTE0000211,PR00003996,Changeover,1,1,Low
DT00000239,DTE0000213,PR00004011,Equipment Failure,4,0,Low
DT00000240,DTE0000212,PR00004015,Material Shortage,15,0,Medium
DT00000241,DTE0000214,PR00004026,Equipment Failure,5,0,Low
DT00000242,DTE0000215,PR00004058,Other,5,0,Low
DT00000243,DTE0000216,PR00004073,Process Adjustment,9,0,Low
DT00000244,DTE0000217,PR00004087,Planned Maintenance,30,1,High
DT00000245,DTE0000217,PR00004088,Planned Maintenance,30,1,High
DT00000246,DTE0000217,PR00004089,Planned Maintenance,23,1,Medium
DT00000247,DTE0000218,PR00004100,Process Adjustment,6,0,Low
DT00000248,DTE0000219,PR00004100,Quality Inspection,9,0,Low
DT00000249,DTE0000220,PR00004107,Changeover,29,1,High
DT00000250,DTE0000222,PR00004120,Changeover,17,1,Medium
DT00000251,DTE0000221,PR00004121,Quality Inspection,17,0,Medium
DT00000252,DTE0000223,PR00004133,Equipment Failure,3,0,Low
DT00000253,DTE0000224,PR00004135,Changeover,27,1,High
DT00000254,DTE0000225,PR00004202,Quality Inspection,15,0,Medium
DT00000255,DTE0000227,PR00004210,Quality Inspection,14,0,Medium
DT00000256,DTE0000226,PR00004213,Changeover,11,1,Medium
DT00000257,DTE0000228,PR00004257,Quality Inspection,19,0,Medium
DT00000258,DTE0000229,PR00004271,Equipment Failure,14,0,Medium
DT00000259,DTE0000230,PR00004287,Equipment Failure,10,0,Medium
DT00000260,DTE0000231,PR00004300,Process Adjustment,14,0,Medium
DT00000261,DTE0000232,PR00004306,Material Shortage,30,0,High
DT00000262,DTE0000232,PR00004307,Material Shortage,27,0,High
DT00000263,DTE0000233,PR00004325,Material Shortage,4,0,Low
DT00000264,DTE0000234,PR00004337,Material Shortage,4,0,Low
DT00000265,DTE0000235,PR00004357,Process Adjustment,30,0,High
DT00000266,DTE0000236,PR00004383,Quality Inspection,6,0,Low
DT00000267,DTE0000237,PR00004394,Other,5,0,Low
DT00000268,DTE0000238,PR00004408,Material Shortage,7,0,Low
DT00000269,DTE0000239,PR00004431,Material Shortage,12,0,Medium
DT00000270,DTE0000240,PR00004433,Planned Maintenance,6,1,Low
DT00000271,DTE0000241,PR00004454,Planned Maintenance,13,1,Medium
DT00000272,DTE0000242,PR00004458,Changeover,30,1,High
DT00000273,DTE0000242,PR00004459,Changeover,8,1,Low
DT00000274,DTE0000243,PR00004469,Equipment Failure,3,0,Low
DT00000275,DTE0000244,PR00004483,Process Adjustment,5,0,Low
DT00000276,DTE0000245,PR00004514,Process Adjustment,13,0,Medium
DT00000277,DTE0000246,PR00004514,Changeover,17,1,Medium
DT00000278,DTE0000246,PR00004515,Changeover,16,1,Medium
DT00000279,DTE0000247,PR00004533,Equipment Failure,20,0,Medium
DT00000280,DTE0000248,PR00004534,Material Shortage,22,0,Medium
DT00000281,DTE0000249,PR00004535,Changeover,19,1,Medium
DT00000282,DTE0000250,PR00004559,Process Adjustment,18,0,Medium
DT00000283,DTE0000251,PR00004565,Material Shortage,6,0,Low
DT00000284,DTE0000252,PR00004603,Equipment Failure,10,0,Medium
DT00000285,DTE0000253,PR00004611,Changeover,5,1,Low
DT00000286,DTE0000254,PR00004626,Equipment Failure,8,0,Low
DT00000287,DTE0000255,PR00004650,Changeover,30,1,High
DT00000288,DTE0000255,PR00004651,Changeover,1,1,Low
DT00000289,DTE0000256,PR00004711,Process Adjustment,7,0,Low
DT00000290,DTE0000257,PR00004734,Material Shortage,30,0,High
DT00000291,DTE0000257,PR00004735,Material Shortage,28,0,High
DT00000292,DTE0000258,PR00004740,Changeover,19,1,Medium
DT00000293,DTE0000259,PR00004746,Changeover,25,1,High
DT00000294,DTE0000260,PR00004796,Changeover,9,1,Low
DT00000295,DTE0000261,PR00004811,Process Adjustment,15,0,Medium
DT00000296,DTE0000262,PR00004817,Changeover,5,1,Low
DT00000297,DTE0000263,PR00004827,Changeover,30,1,High
DT00000298,DTE0000263,PR00004828,Changeover,6,1,Low
DT00000299,DTE0000264,PR00004855,Other,23,0,Medium
DT00000300,DTE0000265,PR00004881,Process Adjustment,14,0,Medium
DT00000301,DTE0000266,PR00004898,Quality Inspection,30,0,High
DT00000302,DTE0000266,PR00004899,Quality Inspection,7,0,Low
DT00000303,DTE0000267,PR00004927,Planned Maintenance,27,1,High
DT00000304,DTE0000268,PR00004942,Material Shortage,7,0,Low
DT00000305,DTE0000270,PR00004971,Changeover,30,1,High
DT00000306,DTE0000269,PR00004972,Quality Inspection,9,0,Low
DT00000307,DTE0000270,PR00004972,Changeover,6,1,Low
DT00000308,DTE0000271,PR00005007,Equipment Failure,27,0,High
DT00000309,DTE0000273,PR00005010,Process Adjustment,5,0,Low
DT00000310,DTE0000272,PR00005012,Planned Maintenance,15,1,Medium
DT00000311,DTE0000274,PR00005049,Process Adjustment,12,0,Medium
DT00000312,DTE0000275,PR00005072,Quality Inspection,3,0,Low
DT00000313,DTE0000276,PR00005085,Planned Maintenance,6,1,Low
DT00000314,DTE0000277,PR00005095,Changeover,26,1,High
DT00000315,DTE0000278,PR00005118,Process Adjustment,3,0,Low
DT00000316,DTE0000279,PR00005136,Changeover,13,1,Medium
DT00000317,DTE0000280,PR00005194,Equipment Failure,7,0,Low
DT00000318,DTE0000281,PR00005212,Process Adjustment,13,0,Medium
DT00000319,DTE0000282,PR00005232,Material Shortage,19,0,Medium
DT00000320,DTE0000283,PR00005234,Changeover,25,1,High
DT00000321,DTE0000284,PR00005256,Changeover,30,1,High
DT00000322,DTE0000284,PR00005257,Changeover,3,1,Low
DT00000323,DTE0000285,PR00005275,Changeover,6,1,Low
DT00000324,DTE0000286,PR00005298,Process Adjustment,30,0,High
DT00000325,DTE0000286,PR00005299,Process Adjustment,29,0,High
DT00000326,DTE0000287,PR00005328,Equipment Failure,20,0,Medium
DT00000327,DTE0000288,PR00005346,Quality Inspection,6,0,Low
DT00000328,DTE0000289,PR00005362,Process Adjustment,8,0,Low
DT00000329,DTE0000290,PR00005370,Changeover,30,1,High
DT00000330,DTE0000290,PR00005371,Changeover,8,1,Low
DT00000331,DTE0000291,PR00005402,Changeover,14,1,Medium
DT00000332,DTE0000292,PR00005421,Equipment Failure,12,0,Medium
DT00000333,DTE0000293,PR00005438,Equipment Failure,5,0,Low
DT00000334,DTE0000294,PR00005443,Material Shortage,9,0,Low
DT00000335,DTE0000295,PR00005479,Planned Maintenance,3,1,Low
DT00000336,DTE0000297,PR00005514,Changeover,26,1,High
DT00000337,DTE0000296,PR00005520,Quality Inspection,8,0,Low
DT00000338,DTE0000298,PR00005523,Changeover,7,1,Low
DT00000339,DTE0000299,PR00005577,Planned Maintenance,12,1,Medium
DT00000340,DTE0000300,PR00005607,Process Adjustment,4,0,Low
DT00000341,DTE0000301,PR00005626,Changeover,8,1,Low
DT00000342,DTE0000302,PR00005641,Changeover,13,1,Medium
DT00000343,DTE0000303,PR00005672,Process Adjustment,22,0,Medium
DT00000344,DTE0000304,PR00005678,Material Shortage,5,0,Low
DT00000345,DTE0000305,PR00005684,Process Adjustment,11,0,Medium
DT00000346,DTE0000307,PR00005737,Changeover,23,1,Medium
DT00000347,DTE0000306,PR00005743,Changeover,30,1,High
DT00000348,DTE0000306,PR00005744,Changeover,4,1,Low
DT00000349,DTE0000308,PR00005799,Equipment Failure,9,0,Low
DT00000350,DTE0000309,PR00005903,Equipment Failure,4,0,Low
DT00000351,DTE0000310,PR00005913,Changeover,11,1,Medium
DT00000352,DTE0000311,PR00005913,Changeover,18,1,Medium
DT00000353,DTE0000313,PR00005925,Material Shortage,4,0,Low
DT00000354,DTE0000312,PR00005927,Changeover,15,1,Medium
DT00000355,DTE0000314,PR00005945,Changeover,30,1,High
DT00000356,DTE0000314,PR00005946,Changeover,1,1,Low
DT00000357,DTE0000315,PR00005963,Changeover,24,1,Medium
DT00000358,DTE0000316,PR00005971,Material Shortage,3,0,Low
DT00000359,DTE0000317,PR00006010,Changeover,30,1,High
DT00000360,DTE0000318,PR00006032,Equipment Failure,13,0,Medium
DT00000361,DTE0000319,PR00006039,Planned Maintenance,6,1,Low
DT00000362,DTE0000320,PR00006078,Process Adjustment,21,0,Medium
DT00000363,DTE0000322,PR00006089,Changeover,17,1,Medium
DT00000364,DTE0000321,PR00006095,Changeover,11,1,Medium
DT00000365,DTE0000323,PR00006103,Process Adjustment,7,0,Low
DT00000366,DTE0000324,PR00006130,Changeover,19,1,Medium
DT00000367,DTE0000325,PR00006181,Equipment Failure,10,0,Medium
DT00000368,DTE0000326,PR00006202,Equipment Failure,4,0,Low
DT00000369,DTE0000327,PR00006221,Quality Inspection,6,0,Low
DT00000370,DTE0000329,PR00006244,Quality Inspection,11,0,Medium
DT00000371,DTE0000328,PR00006246,Equipment Failure,30,0,High
DT00000372,DTE0000330,PR00006299,Material Shortage,15,0,Medium
DT00000373,DTE0000331,PR00006311,Process Adjustment,15,0,Medium
DT00000374,DTE0000332,PR00006348,Equipment Failure,10,0,Medium
DT00000375,DTE0000333,PR00006379,Material Shortage,7,0,Low
DT00000376,DTE0000334,PR00006387,Equipment Failure,6,0,Low
DT00000377,DTE0000335,PR00006394,Changeover,25,1,High
DT00000378,DTE0000336,PR00006405,Material Shortage,9,0,Low
DT00000379,DTE0000337,PR00006426,Quality Inspection,9,0,Low
DT00000380,DTE0000338,PR00006448,Equipment Failure,30,0,High
DT00000381,DTE0000339,PR00006465,Other,22,0,Medium
DT00000382,DTE0000340,PR00006499,Other,4,0,Low
DT00000383,DTE0000341,PR00006533,Quality Inspection,7,0,Low
DT00000384,DTE0000342,PR00006545,Equipment Failure,5,0,Low
DT00000385,DTE0000343,PR00006573,Process Adjustment,7,0,Low
DT00000386,DTE0000344,PR00006589,Process Adjustment,6,0,Low
DT00000387,DTE0000345,PR00006594,Planned Maintenance,4,1,Low
DT00000388,DTE0000346,PR00006630,Process Adjustment,13,0,Medium
DT00000389,DTE0000347,PR00006665,Process Adjustment,8,0,Low
DT00000390,DTE0000348,PR00006675,Other,15,0,Medium
DT00000391,DTE0000349,PR00006710,Equipment Failure,18,0,Medium
DT00000392,DTE0000351,PR00006727,Process Adjustment,3,0,Low
DT00000393,DTE0000350,PR00006735,Other,19,0,Medium
DT00000394,DTE0000352,PR00006740,Process Adjustment,7,0,Low
DT00000395,DTE0000353,PR00006769,Equipment Failure,5,0,Low
DT00000396,DTE0000354,PR00006831,Planned Maintenance,30,1,High
DT00000397,DTE0000354,PR00006832,Planned Maintenance,4,1,Low
DT00000398,DTE0000355,PR00006833,Process Adjustment,26,0,High
DT00000399,DTE0000356,PR00006839,Changeover,30,1,High
DT00000400,DTE0000356,PR00006840,Changeover,9,1,Low
DT00000401,DTE0000357,PR00006876,Planned Maintenance,21,1,Medium
DT00000402,DTE0000358,PR00006897,Process Adjustment,15,0,Medium
DT00000403,DTE0000359,PR00006904,Changeover,19,1,Medium
DT00000404,DTE0000360,PR00006916,Changeover,6,1,Low
DT00000405,DTE0000361,PR00006919,Changeover,17,1,Medium
DT00000406,DTE0000362,PR00006936,Equipment Failure,7,0,Low
DT00000407,DTE0000363,PR00006961,Equipment Failure,15,0,Medium
DT00000408,DTE0000364,PR00006965,Changeover,5,1,Low
DT00000409,DTE0000365,PR00007012,Planned Maintenance,4,1,Low
DT00000410,DTE0000366,PR00007054,Quality Inspection,11,0,Medium
DT00000411,DTE0000367,PR00007085,Process Adjustment,6,0,Low
DT00000412,DTE0000368,PR00007099,Quality Inspection,17,0,Medium
DT00000413,DTE0000369,PR00007117,Equipment Failure,3,0,Low
DT00000414,DTE0000370,PR00007126,Material Shortage,12,0,Medium
DT00000415,DTE0000371,PR00007152,Changeover,16,1,Medium
DT00000416,DTE0000372,PR00007168,Other,9,0,Low
DT00000417,DTE0000373,PR00007180,Equipment Failure,3,0,Low
DT00000418,DTE0000374,PR00007186,Other,14,0,Medium
DT00000419,DTE0000375,PR00007193,Changeover,23,1,Medium
DT00000420,DTE0000376,PR00007201,Quality Inspection,8,0,Low
DT00000421,DTE0000377,PR00007206,Process Adjustment,6,0,Low
DT00000422,DTE0000378,PR00007223,Changeover,13,1,Medium
DT00000423,DTE0000379,PR00007246,Planned Maintenance,3,1,Low
DT00000424,DTE0000380,PR00007284,Equipment Failure,10,0,Medium
DT00000425,DTE0000381,PR00007290,Changeover,30,1,High
DT00000426,DTE0000381,PR00007291,Changeover,8,1,Low
DT00000427,DTE0000382,PR00007360,Quality Inspection,9,0,Low
DT00000428,DTE0000383,PR00007420,Planned Maintenance,8,1,Low
DT00000429,DTE0000385,PR00007428,Planned Maintenance,6,1,Low
DT00000430,DTE0000384,PR00007437,Process Adjustment,11,0,Medium
DT00000431,DTE0000386,PR00007443,Process Adjustment,21,0,Medium
DT00000432,DTE0000387,PR00007454,Process Adjustment,3,0,Low
DT00000433,DTE0000389,PR00007482,Quality Inspection,5,0,Low
DT00000434,DTE0000388,PR00007488,Quality Inspection,10,0,Medium
DT00000435,DTE0000390,PR00007500,Changeover,6,1,Low
DT00000436,DTE0000391,PR00007508,Quality Inspection,8,0,Low
DT00000437,DTE0000392,PR00007545,Planned Maintenance,18,1,Medium
DT00000438,DTE0000393,PR00007556,Equipment Failure,30,0,High
DT00000439,DTE0000393,PR00007557,Equipment Failure,13,0,Medium
DT00000440,DTE0000394,PR00007573,Material Shortage,11,0,Medium
DT00000441,DTE0000395,PR00007597,Quality Inspection,12,0,Medium
DT00000442,DTE0000396,PR00007613,Equipment Failure,10,0,Medium
DT00000443,DTE0000397,PR00007637,Material Shortage,6,0,Low
DT00000444,DTE0000398,PR00007642,Equipment Failure,3,0,Low
DT00000445,DTE0000399,PR00007653,Planned Maintenance,19,1,Medium
DT00000446,DTE0000400,PR00007666,Changeover,10,1,Medium
DT00000447,DTE0000401,PR00007698,Equipment Failure,5,0,Low
DT00000448,DTE0000402,PR00007737,Process Adjustment,15,0,Medium
DT00000449,DTE0000403,PR00007749,Changeover,23,1,Medium
DT00000450,DTE0000404,PR00007779,Planned Maintenance,5,1,Low
DT00000451,DTE0000405,PR00007815,Equipment Failure,4,0,Low
DT00000452,DTE0000406,PR00007831,Changeover,14,1,Medium
DT00000453,DTE0000407,PR00007847,Changeover,7,1,Low
DT00000454,DTE0000408,PR00007865,Planned Maintenance,14,1,Medium
DT00000455,DTE0000409,PR00007883,Equipment Failure,15,0,Medium
DT00000456,DTE0000410,PR00007899,Changeover,8,1,Low
DT00000457,DTE0000411,PR00007917,Equipment Failure,14,0,Medium
DT00000458,DTE0000412,PR00007926,Quality Inspection,3,0,Low
DT00000459,DTE0000413,PR00007978,Changeover,30,1,High
DT00000460,DTE0000413,PR00007979,Changeover,7,1,Low
DT00000461,DTE0000414,PR00007997,Other,5,0,Low
DT00000462,DTE0000415,PR00008002,Quality Inspection,21,0,Medium
DT00000463,DTE0000416,PR00008023,Process Adjustment,14,0,Medium
DT00000464,DTE0000417,PR00008034,Planned Maintenance,26,1,High
DT00000465,DTE0000419,PR00008059,Planned Maintenance,30,1,High
DT00000466,DTE0000418,PR00008063,Changeover,7,1,Low
DT00000467,DTE0000420,PR00008071,Changeover,13,1,Medium
DT00000468,DTE0000421,PR00008094,Quality Inspection,4,0,Low
DT00000469,DTE0000422,PR00008111,Planned Maintenance,23,1,Medium
DT00000470,DTE0000423,PR00008114,Process Adjustment,18,0,Medium
DT00000471,DTE0000424,PR00008135,Changeover,27,1,High
DT00000472,DTE0000425,PR00008152,Process Adjustment,14,0,Medium
DT00000473,DTE0000426,PR00008184,Material Shortage,3,0,Low
DT00000474,DTE0000427,PR00008198,Quality Inspection,11,0,Medium
DT00000475,DTE0000429,PR00008229,Process Adjustment,7,0,Low
DT00000476,DTE0000428,PR00008240,Other,15,0,Medium
DT00000477,DTE0000431,PR00008245,Equipment Failure,6,0,Low
DT00000478,DTE0000430,PR00008254,Equipment Failure,6,0,Low
DT00000479,DTE0000432,PR00008264,Equipment Failure,23,0,Medium
DT00000480,DTE0000433,PR00008306,Process Adjustment,3,0,Low
DT00000481,DTE0000434,PR00008324,Changeover,8,1,Low
DT00000482,DTE0000435,PR00008329,Other,9,0,Low
DT00000483,DTE0000436,PR00008331,Changeover,30,1,High
DT00000484,DTE0000436,PR00008332,Changeover,2,1,Low
DT00000485,DTE0000437,PR00008397,Material Shortage,30,0,High
DT00000486,DTE0000437,PR00008398,Material Shortage,16,0,Medium
DT00000487,DTE0000438,PR00008404,Equipment Failure,19,0,Medium
DT00000488,DTE0000439,PR00008423,Other,6,0,Low
DT00000489,DTE0000440,PR00008439,Equipment Failure,11,0,Medium
DT00000490,DTE0000442,PR00008455,Process Adjustment,5,0,Low
DT00000491,DTE0000441,PR00008456,Quality Inspection,3,0,Low
DT00000492,DTE0000443,PR00008492,Changeover,7,1,Low
DT00000493,DTE0000444,PR00008493,Material Shortage,7,0,Low
DT00000494,DTE0000445,PR00008503,Other,12,0,Medium
DT00000495,DTE0000446,PR00008525,Planned Maintenance,7,1,Low
DT00000496,DTE0000447,PR00008533,Quality Inspection,9,0,Low
DT00000497,DTE0000448,PR00008548,Quality Inspection,8,0,Low
DT00000498,DTE0000449,PR00008567,Process Adjustment,11,0,Medium
DT00000499,DTE0000450,PR00008601,Changeover,11,1,Medium
DT00000500,DTE0000451,PR00008654,Material Shortage,6,0,Low
DT00000501,DTE0000452,PR00008665,Process Adjustment,30,0,High
DT00000502,DTE0000452,PR00008666,Process Adjustment,10,0,Medium
DT00000503,DTE0000454,PR00008699,Changeover,25,1,High
DT00000504,DTE0000453,PR00008703,Changeover,6,1,Low
DT00000505,DTE0000456,PR00008715,Changeover,27,1,High
DT00000506,DTE0000455,PR00008719,Process Adjustment,9,0,Low
DT00000507,DTE0000457,PR00008766,Process Adjustment,4,0,Low
DT00000508,DTE0000458,PR00008773,Planned Maintenance,13,1,Medium
DT00000509,DTE0000459,PR00008785,Planned Maintenance,28,1,High
DT00000510,DTE0000460,PR00008826,Changeover,21,1,Medium
DT00000511,DTE0000461,PR00008838,Changeover,15,1,Medium
DT00000512,DTE0000462,PR00008861,Process Adjustment,9,0,Low
DT00000513,DTE0000463,PR00008936,Material Shortage,13,0,Medium
DT00000514,DTE0000464,PR00008954,Quality Inspection,10,0,Medium
DT00000515,DTE0000465,PR00008981,Other,10,0,Medium
DT00000516,DTE0000466,PR00008983,Changeover,17,1,Medium
DT00000517,DTE0000467,PR00009001,Changeover,7,1,Low
DT00000518,DTE0000468,PR00009010,Changeover,5,1,Low
DT00000519,DTE0000469,PR00009035,Changeover,9,1,Low
DT00000520,DTE0000470,PR00009059,Process Adjustment,21,0,Medium
DT00000521,DTE0000471,PR00009076,Equipment Failure,3,0,Low
DT00000522,DTE0000472,PR00009115,Changeover,12,1,Medium
DT00000523,DTE0000473,PR00009126,Quality Inspection,13,0,Medium
DT00000524,DTE0000475,PR00009155,Quality Inspection,21,0,Medium
DT00000525,DTE0000474,PR00009168,Planned Maintenance,5,1,Low
DT00000526,DTE0000477,PR00009175,Planned Maintenance,24,1,Medium
DT00000527,DTE0000476,PR00009180,Quality Inspection,9,0,Low
DT00000528,DTE0000478,PR00009241,Process Adjustment,7,0,Low
DT00000529,DTE0000480,PR00009256,Changeover,20,1,Medium
DT00000530,DTE0000479,PR00009262,Changeover,4,1,Low
DT00000531,DTE0000483,PR00009274,Changeover,30,1,High
DT00000532,DTE0000482,PR00009277,Quality Inspection,21,0,Medium
DT00000533,DTE0000481,PR00009279,Changeover,19,1,Medium
DT00000534,DTE0000484,PR00009292,Process Adjustment,4,0,Low
DT00000535,DTE0000485,PR00009309,Equipment Failure,4,0,Low
DT00000536,DTE0000486,PR00009317,Quality Inspection,7,0,Low
DT00000537,DTE0000487,PR00009353,Quality Inspection,3,0,Low
DT00000538,DTE0000488,PR00009372,Equipment Failure,7,0,Low
DT00000539,DTE0000489,PR00009384,Changeover,26,1,High
DT00000540,DTE0000490,PR00009410,Process Adjustment,14,0,Medium
DT00000541,DTE0000491,PR00009433,Equipment Failure,9,0,Low
DT00000542,DTE0000492,PR00009438,Equipment Failure,4,0,Low
DT00000543,DTE0000493,PR00009453,Process Adjustment,3,0,Low
DT00000544,DTE0000494,PR00009490,Material Shortage,8,0,Low
DT00000545,DTE0000495,PR00009519,Changeover,17,1,Medium
DT00000546,DTE0000497,PR00009521,Process Adjustment,8,0,Low
DT00000547,DTE0000496,PR00009522,Changeover,7,1,Low
DT00000548,DTE0000498,PR00009539,Quality Inspection,4,0,Low
DT00000549,DTE0000499,PR00009543,Changeover,30,1,High
DT00000550,DTE0000499,PR00009544,Changeover,6,1,Low
DT00000551,DTE0000500,PR00009568,Planned Maintenance,14,1,Medium
DT00000552,DTE0000501,PR00009582,Equipment Failure,22,0,Medium
DT00000553,DTE0000502,PR00009590,Changeover,18,1,Medium
DT00000554,DTE0000503,PR00009647,Material Shortage,4,0,Low
DT00000555,DTE0000504,PR00009712,Equipment Failure,13,0,Medium
DT00000556,DTE0000505,PR00009714,Process Adjustment,9,0,Low
DT00000557,DTE0000506,PR00009747,Planned Maintenance,10,1,Medium
DT00000558,DTE0000507,PR00009753,Changeover,18,1,Medium
DT00000559,DTE0000508,PR00009775,Equipment Failure,13,0,Medium
DT00000560,DTE0000509,PR00009786,Changeover,15,1,Medium
DT00000561,DTE0000510,PR00009786,Equipment Failure,10,0,Medium
DT00000562,DTE0000511,PR00009787,Changeover,30,1,High
DT00000563,DTE0000511,PR00009788,Changeover,6,1,Low
DT00000564,DTE0000512,PR00009798,Changeover,7,1,Low
DT00000565,DTE0000513,PR00009816,Changeover,30,1,High
DT00000566,DTE0000513,PR00009817,Changeover,1,1,Low
DT00000567,DTE0000514,PR00009870,Equipment Failure,22,0,Medium
DT00000568,DTE0000515,PR00009882,Material Shortage,9,0,Low
DT00000569,DTE0000517,PR00009897,Changeover,7,1,Low
DT00000570,DTE0000516,PR00009904,Equipment Failure,3,0,Low
DT00000571,DTE0000518,PR00009934,Process Adjustment,23,0,Medium
DT00000572,DTE0000519,PR00009947,Equipment Failure,14,0,Medium
DT00000573,DTE0000520,PR00009958,Process Adjustment,3,0,Low
DT00000574,DTE0000521,PR00009981,Process Adjustment,12,0,Medium
DT00000575,DTE0000522,PR00009990,Planned Maintenance,5,1,Low
DT00000576,DTE0000523,PR00010003,Equipment Failure,8,0,Low
DT00000577,DTE0000524,PR00010029,Equipment Failure,9,0,Low
DT00000578,DTE0000526,PR00010040,Changeover,30,1,High
DT00000579,DTE0000526,PR00010041,Changeover,10,1,Medium
DT00000580,DTE0000525,PR00010043,Changeover,8,1,Low
DT00000581,DTE0000528,PR00010071,Changeover,15,1,Medium
DT00000582,DTE0000527,PR00010074,Quality Inspection,4,0,Low
DT00000583,DTE0000529,PR00010110,Material Shortage,7,0,Low
DT00000584,DTE0000530,PR00010113,Process Adjustment,8,0,Low
DT00000585,DTE0000531,PR00010130,Process Adjustment,11,0,Medium
DT00000586,DTE0000532,PR00010148,Process Adjustment,4,0,Low
DT00000587,DTE0000533,PR00010197,Material Shortage,19,0,Medium
DT00000588,DTE0000534,PR00010219,Planned Maintenance,16,1,Medium
DT00000589,DTE0000535,PR00010233,Other,17,0,Medium
DT00000590,DTE0000536,PR00010237,Process Adjustment,7,0,Low
DT00000591,DTE0000537,PR00010266,Planned Maintenance,6,1,Low
DT00000592,DTE0000538,PR00010287,Quality Inspection,11,0,Medium
DT00000593,DTE0000540,PR00010298,Changeover,29,1,High
DT00000594,DTE0000539,PR00010300,Quality Inspection,8,0,Low
DT00000595,DTE0000541,PR00010346,Planned Maintenance,10,1,Medium
DT00000596,DTE0000542,PR00010368,Other,5,0,Low
DT00000597,DTE0000543,PR00010394,Other,24,0,Medium
DT00000598,DTE0000544,PR00010423,Other,4,0,Low
DT00000599,DTE0000545,PR00010483,Equipment Failure,5,0,Low
DT00000600,DTE0000546,PR00010497,Process Adjustment,13,0,Medium
DT00000601,DTE0000547,PR00010517,Quality Inspection,15,0,Medium
DT00000602,DTE0000548,PR00010539,Quality Inspection,6,0,Low
DT00000603,DTE0000549,PR00010555,Changeover,7,1,Low
DT00000604,DTE0000550,PR00010567,Material Shortage,4,0,Low
DT00000605,DTE0000551,PR00010577,Planned Maintenance,14,1,Medium
DT00000606,DTE0000552,PR00010597,Equipment Failure,9,0,Low
DT00000607,DTE0000553,PR00010630,Changeover,6,1,Low
DT00000608,DTE0000555,PR00010666,Changeover,16,1,Medium
DT00000609,DTE0000554,PR00010667,Material Shortage,3,0,Low
DT00000610,DTE0000556,PR00010677,Process Adjustment,16,0,Medium
DT00000611,DTE0000557,PR00010683,Changeover,30,1,High
DT00000612,DTE0000557,PR00010684,Changeover,7,1,Low
DT00000613,DTE0000558,PR00010703,Changeover,8,1,Low
DT00000614,DTE0000559,PR00010717,Changeover,10,1,Medium
DT00000615,DTE0000560,PR00010768,Material Shortage,4,0,Low
DT00000616,DTE0000561,PR00010830,Quality Inspection,10,0,Medium
DT00000617,DTE0000562,PR00010835,Changeover,3,1,Low
DT00000618,DTE0000563,PR00010856,Quality Inspection,8,0,Low
DT00000619,DTE0000564,PR00010878,Quality Inspection,9,0,Low
DT00000620,DTE0000565,PR00010899,Changeover,15,1,Medium
DT00000621,DTE0000566,PR00010912,Changeover,12,1,Medium
DT00000622,DTE0000567,PR00010960,Other,17,0,Medium
DT00000623,DTE0000568,PR00010965,Material Shortage,6,0,Low
DT00000624,DTE0000569,PR00010999,Other,25,0,High
DT00000625,DTE0000570,PR00011016,Quality Inspection,25,0,High
DT00000626,DTE0000571,PR00011016,Quality Inspection,5,0,Low
DT00000627,DTE0000572,PR00011035,Material Shortage,6,0,Low
DT00000628,DTE0000574,PR00011046,Other,7,0,Low
DT00000629,DTE0000573,PR00011050,Quality Inspection,4,0,Low
DT00000630,DTE0000575,PR00011057,Changeover,4,1,Low
DT00000631,DTE0000577,PR00011083,Changeover,14,1,Medium
DT00000632,DTE0000576,PR00011086,Process Adjustment,13,0,Medium
DT00000633,DTE0000578,PR00011093,Process Adjustment,19,0,Medium
DT00000634,DTE0000579,PR00011109,Process Adjustment,4,0,Low
DT00000635,DTE0000580,PR00011127,Changeover,25,1,High
DT00000636,DTE0000581,PR00011161,Equipment Failure,17,0,Medium
DT00000637,DTE0000582,PR00011161,Changeover,13,1,Medium
DT00000638,DTE0000581,PR00011162,Equipment Failure,3,0,Low
DT00000639,DTE0000583,PR00011175,Changeover,21,1,Medium
DT00000640,DTE0000584,PR00011187,Quality Inspection,9,0,Low
DT00000641,DTE0000585,PR00011223,Changeover,9,1,Low
DT00000642,DTE0000586,PR00011277,Planned Maintenance,3,1,Low
DT00000643,DTE0000587,PR00011284,Planned Maintenance,7,1,Low
DT00000644,DTE0000588,PR00011305,Quality Inspection,7,0,Low
DT00000645,DTE0000589,PR00011310,Quality Inspection,13,0,Medium
DT00000646,DTE0000590,PR00011328,Equipment Failure,11,0,Medium
DT00000647,DTE0000591,PR00011331,Equipment Failure,9,0,Low
DT00000648,DTE0000592,PR00011354,Material Shortage,12,0,Medium
DT00000649,DTE0000594,PR00011354,Changeover,16,1,Medium
DT00000650,DTE0000593,PR00011357,Planned Maintenance,26,1,High
DT00000651,DTE0000595,PR00011379,Quality Inspection,30,0,High
DT00000652,DTE0000596,PR00011408,Process Adjustment,7,0,Low
DT00000653,DTE0000597,PR00011424,Changeover,3,1,Low
DT00000654,DTE0000598,PR00011469,Quality Inspection,7,0,Low
DT00000655,DTE0000599,PR00011500,Material Shortage,5,0,Low
DT00000656,DTE0000600,PR00011529,Changeover,19,1,Medium
DT00000657,DTE0000601,PR00011546,Process Adjustment,10,0,Medium
DT00000658,DTE0000602,PR00011566,Changeover,5,1,Low
DT00000659,DTE0000603,PR00011574,Process Adjustment,6,0,Low
DT00000660,DTE0000604,PR00011641,Material Shortage,6,0,Low
DT00000661,DTE0000605,PR00011658,Planned Maintenance,5,1,Low
DT00000662,DTE0000606,PR00011658,Changeover,25,1,High
DT00000663,DTE0000606,PR00011659,Changeover,3,1,Low
DT00000664,DTE0000607,PR00011681,Changeover,4,1,Low
DT00000665,DTE0000608,PR00011707,Equipment Failure,30,0,High
DT00000666,DTE0000608,PR00011708,Equipment Failure,18,0,Medium
DT00000667,DTE0000609,PR00011724,Material Shortage,5,0,Low
DT00000668,DTE0000610,PR00011732,Equipment Failure,8,0,Low
DT00000669,DTE0000611,PR00011741,Material Shortage,9,0,Low
DT00000670,DTE0000612,PR00011754,Quality Inspection,6,0,Low
DT00000671,DTE0000613,PR00011765,Equipment Failure,3,0,Low
DT00000672,DTE0000614,PR00011783,Changeover,17,1,Medium
DT00000673,DTE0000615,PR00011796,Planned Maintenance,11,1,Medium
DT00000674,DTE0000616,PR00011799,Changeover,30,1,High
DT00000675,DTE0000616,PR00011800,Changeover,10,1,Medium
DT00000676,DTE0000617,PR00011838,Planned Maintenance,15,1,Medium
DT00000677,DTE0000618,PR00011856,Equipment Failure,12,0,Medium
DT00000678,DTE0000619,PR00011880,Equipment Failure,10,0,Medium
DT00000679,DTE0000620,PR00011909,Process Adjustment,21,0,Medium
DT00000680,DTE0000621,PR00011920,Planned Maintenance,10,1,Medium
DT00000681,DTE0000622,PR00011933,Planned Maintenance,21,1,Medium
DT00000682,DTE0000623,PR00011950,Process Adjustment,11,0,Medium
DT00000683,DTE0000624,PR00011967,Equipment Failure,6,0,Low
DT00000684,DTE0000626,PR00011975,Changeover,30,1,High
DT00000685,DTE0000626,PR00011976,Changeover,4,1,Low
DT00000686,DTE0000625,PR00011977,Equipment Failure,30,0,High
DT00000687,DTE0000625,PR00011978,Equipment Failure,5,0,Low
DT00000688,DTE0000627,PR00011992,Process Adjustment,20,0,Medium
DT00000689,DTE0000628,PR00012015,Process Adjustment,5,0,Low
DT00000690,DTE0000629,PR00012043,Changeover,14,1,Medium
DT00000691,DTE0000630,PR00012057,Process Adjustment,11,0,Medium
DT00000692,DTE0000631,PR00012059,Changeover,16,1,Medium
DT00000693,DTE0000632,PR00012073,Quality Inspection,6,0,Low
DT00000694,DTE0000633,PR00012086,Equipment Failure,7,0,Low
DT00000695,DTE0000634,PR00012097,Process Adjustment,5,0,Low
DT00000696,DTE0000635,PR00012105,Changeover,30,1,High
DT00000697,DTE0000636,PR00012123,Planned Maintenance,16,1,Medium
DT00000698,DTE0000637,PR00012154,Material Shortage,17,0,Medium
DT00000699,DTE0000638,PR00012191,Equipment Failure,8,0,Low
DT00000700,DTE0000639,PR00012210,Other,30,0,High
DT00000701,DTE0000640,PR00012242,Process Adjustment,5,0,Low
DT00000702,DTE0000641,PR00012242,Equipment Failure,14,0,Medium
DT00000703,DTE0000642,PR00012292,Equipment Failure,23,0,Medium
DT00000704,DTE0000643,PR00012309,Quality Inspection,12,0,Medium
DT00000705,DTE0000644,PR00012331,Changeover,17,1,Medium
DT00000706,DTE0000645,PR00012350,Changeover,9,1,Low
DT00000707,DTE0000646,PR00012392,Planned Maintenance,12,1,Medium
DT00000708,DTE0000647,PR00012414,Material Shortage,8,0,Low
DT00000709,DTE0000648,PR00012431,Material Shortage,30,0,High
DT00000710,DTE0000648,PR00012432,Material Shortage,30,0,High
DT00000711,DTE0000649,PR00012458,Process Adjustment,23,0,Medium
DT00000712,DTE0000650,PR00012475,Planned Maintenance,3,1,Low
DT00000713,DTE0000651,PR00012501,Material Shortage,9,0,Low
DT00000714,DTE0000652,PR00012519,Equipment Failure,30,0,High
DT00000715,DTE0000652,PR00012520,Equipment Failure,3,0,Low
DT00000716,DTE0000654,PR00012538,Process Adjustment,20,0,Medium
DT00000717,DTE0000653,PR00012542,Quality Inspection,9,0,Low
DT00000718,DTE0000656,PR00012551,Changeover,24,1,Medium
DT00000719,DTE0000655,PR00012554,Equipment Failure,14,0,Medium
DT00000720,DTE0000657,PR00012562,Planned Maintenance,7,1,Low
DT00000721,DTE0000658,PR00012581,Equipment Failure,10,0,Medium
DT00000722,DTE0000659,PR00012603,Changeover,30,1,High
DT00000723,DTE0000659,PR00012604,Changeover,2,1,Low
DT00000724,DTE0000660,PR00012615,Changeover,25,1,High
DT00000725,DTE0000661,PR00012625,Quality Inspection,27,0,High
DT00000726,DTE0000662,PR00012645,Quality Inspection,5,0,Low
DT00000727,DTE0000663,PR00012665,Material Shortage,8,0,Low
DT00000728,DTE0000664,PR00012685,Changeover,3,1,Low
DT00000729,DTE0000665,PR00012711,Changeover,17,1,Medium
DT00000730,DTE0000666,PR00012733,Material Shortage,4,0,Low
DT00000731,DTE0000668,PR00012738,Changeover,13,1,Medium
DT00000732,DTE0000667,PR00012739,Process Adjustment,20,0,Medium
DT00000733,DTE0000669,PR00012746,Changeover,30,1,High
DT00000734,DTE0000669,PR00012747,Changeover,6,1,Low
DT00000735,DTE0000670,PR00012753,Planned Maintenance,4,1,Low
DT00000736,DTE0000671,PR00012776,Material Shortage,11,0,Medium
DT00000737,DTE0000673,PR00012807,Changeover,15,1,Medium
DT00000738,DTE0000672,PR00012815,Process Adjustment,3,0,Low
DT00000739,DTE0000674,PR00012821,Process Adjustment,10,0,Medium
DT00000740,DTE0000675,PR00012826,Changeover,30,1,High
DT00000741,DTE0000675,PR00012827,Changeover,3,1,Low
DT00000742,DTE0000676,PR00012841,Changeover,11,1,Medium
DT00000743,DTE0000677,PR00012849,Process Adjustment,23,0,Medium
DT00000744,DTE0000678,PR00012899,Process Adjustment,3,0,Low
DT00000745,DTE0000679,PR00012951,Quality Inspection,8,0,Low
DT00000746,DTE0000680,PR00012993,Process Adjustment,8,0,Low
DT00000747,DTE0000681,PR00013036,Equipment Failure,8,0,Low
DT00000748,DTE0000682,PR00013043,Material Shortage,3,0,Low
DT00000749,DTE0000683,PR00013068,Quality Inspection,26,0,High
DT00000750,DTE0000684,PR00013086,Changeover,6,1,Low
DT00000751,DTE0000685,PR00013099,Changeover,25,1,High
DT00000752,DTE0000687,PR00013113,Quality Inspection,9,0,Low
DT00000753,DTE0000688,PR00013113,Changeover,21,1,Medium
DT00000754,DTE0000688,PR00013114,Changeover,1,1,Low
DT00000755,DTE0000686,PR00013120,Planned Maintenance,16,1,Medium
DT00000756,DTE0000689,PR00013133,Equipment Failure,5,0,Low
DT00000757,DTE0000690,PR00013163,Changeover,19,1,Medium
DT00000758,DTE0000691,PR00013177,Equipment Failure,3,0,Low
DT00000759,DTE0000692,PR00013198,Equipment Failure,29,0,High
DT00000760,DTE0000693,PR00013208,Changeover,13,1,Medium
DT00000761,DTE0000694,PR00013283,Process Adjustment,10,0,Medium
DT00000762,DTE0000695,PR00013305,Material Shortage,5,0,Low
DT00000763,DTE0000696,PR00013321,Planned Maintenance,26,1,High
DT00000764,DTE0000697,PR00013403,Planned Maintenance,16,1,Medium
DT00000765,DTE0000698,PR00013424,Equipment Failure,30,0,High
DT00000766,DTE0000699,PR00013460,Material Shortage,13,0,Medium
DT00000767,DTE0000700,PR00013493,Equipment Failure,7,0,Low
DT00000768,DTE0000701,PR00013511,Other,11,0,Medium
DT00000769,DTE0000702,PR00013515,Changeover,27,1,High
DT00000770,DTE0000703,PR00013534,Planned Maintenance,7,1,Low
DT00000771,DTE0000704,PR00013567,Equipment Failure,16,0,Medium
DT00000772,DTE0000705,PR00013595,Equipment Failure,11,0,Medium
DT00000773,DTE0000706,PR00013659,Changeover,13,1,Medium
DT00000774,DTE0000707,PR00013666,Material Shortage,8,0,Low
DT00000775,DTE0000708,PR00013691,Material Shortage,22,0,Medium
DT00000776,DTE0000709,PR00013710,Process Adjustment,8,0,Low
DT00000777,DTE0000710,PR00013765,Process Adjustment,14,0,Medium
DT00000778,DTE0000711,PR00013786,Changeover,30,1,High
DT00000779,DTE0000711,PR00013787,Changeover,7,1,Low
DT00000780,DTE0000712,PR00013812,Planned Maintenance,3,1,Low
DT00000781,DTE0000713,PR00013850,Equipment Failure,13,0,Medium
DT00000782,DTE0000714,PR00013865,Material Shortage,5,0,Low
DT00000783,DTE0000715,PR00013865,Material Shortage,13,0,Medium
DT00000784,DTE0000716,PR00013897,Changeover,15,1,Medium
DT00000785,DTE0000717,PR00013906,Process Adjustment,10,0,Medium
DT00000786,DTE0000718,PR00013913,Changeover,30,1,High
DT00000787,DTE0000718,PR00013914,Changeover,3,1,Low
DT00000788,DTE0000719,PR00013940,Material Shortage,21,0,Medium
DT00000789,DTE0000720,PR00013945,Changeover,30,1,High
DT00000790,DTE0000720,PR00013946,Changeover,3,1,Low
DT00000791,DTE0000721,PR00013962,Equipment Failure,5,0,Low
DT00000792,DTE0000722,PR00013993,Equipment Failure,21,0,Medium
DT00000793,DTE0000723,PR00014025,Changeover,21,1,Medium
DT00000794,DTE0000725,PR00014039,Changeover,30,1,High
DT00000795,DTE0000725,PR00014040,Changeover,6,1,Low
DT00000796,DTE0000724,PR00014046,Material Shortage,10,0,Medium
DT00000797,DTE0000726,PR00014067,Material Shortage,5,0,Low
DT00000798,DTE0000727,PR00014095,Changeover,18,1,Medium
DT00000799,DTE0000728,PR00014112,Quality Inspection,3,0,Low
DT00000800,DTE0000729,PR00014188,Changeover,25,1,High
DT00000801,DTE0000730,PR00014206,Equipment Failure,5,0,Low
DT00000802,DTE0000731,PR00014237,Planned Maintenance,9,1,Low
DT00000803,DTE0000732,PR00014255,Planned Maintenance,3,1,Low
DT00000804,DTE0000733,PR00014262,Changeover,30,1,High
DT00000805,DTE0000733,PR00014263,Changeover,2,1,Low
DT00000806,DTE0000734,PR00014285,Equipment Failure,13,0,Medium
DT00000807,DTE0000735,PR00014312,Quality Inspection,22,0,Medium
DT00000808,DTE0000736,PR00014333,Changeover,15,1,Medium
DT00000809,DTE0000737,PR00014354,Material Shortage,8,0,Low
DT00000810,DTE0000738,PR00014390,Process Adjustment,9,0,Low
DT00000811,DTE0000739,PR00014446,Changeover,7,1,Low
DT00000812,DTE0000740,PR00014456,Changeover,10,1,Medium
DT00000813,DTE0000741,PR00014490,Material Shortage,13,0,Medium
DT00000814,DTE0000743,PR00014501,Equipment Failure,9,0,Low
DT00000815,DTE0000742,PR00014512,Planned Maintenance,17,1,Medium
DT00000816,DTE0000744,PR00014515,Quality Inspection,25,0,High
DT00000817,DTE0000745,PR00014521,Changeover,24,1,Medium
DT00000818,DTE0000746,PR00014554,Changeover,30,1,High
DT00000819,DTE0000746,PR00014555,Changeover,8,1,Low
DT00000820,DTE0000747,PR00014562,Equipment Failure,16,0,Medium
DT00000821,DTE0000748,PR00014586,Equipment Failure,3,0,Low
DT00000822,DTE0000749,PR00014635,Changeover,28,1,High
DT00000823,DTE0000750,PR00014641,Material Shortage,13,0,Medium
DT00000824,DTE0000751,PR00014688,Material Shortage,8,0,Low
DT00000825,DTE0000753,PR00014692,Material Shortage,3,0,Low
DT00000826,DTE0000752,PR00014697,Process Adjustment,12,0,Medium
DT00000827,DTE0000754,PR00014718,Material Shortage,9,0,Low
DT00000828,DTE0000755,PR00014729,Equipment Failure,7,0,Low
DT00000829,DTE0000756,PR00014743,Other,8,0,Low
DT00000830,DTE0000757,PR00014747,Changeover,30,1,High
DT00000831,DTE0000758,PR00014756,Other,5,0,Low
DT00000832,DTE0000759,PR00014778,Equipment Failure,8,0,Low
DT00000833,DTE0000760,PR00014795,Process Adjustment,14,0,Medium
DT00000834,DTE0000761,PR00014811,Changeover,8,1,Low
DT00000835,DTE0000762,PR00014859,Quality Inspection,3,0,Low
DT00000836,DTE0000763,PR00014866,Quality Inspection,25,0,High
DT00000837,DTE0000764,PR00014891,Equipment Failure,12,0,Medium
DT00000838,DTE0000765,PR00014904,Quality Inspection,3,0,Low
DT00000839,DTE0000766,PR00014938,Equipment Failure,7,0,Low
DT00000840,DTE0000767,PR00014992,Equipment Failure,14,0,Medium
DT00000841,DTE0000768,PR00014997,Changeover,4,1,Low
DT00000842,DTE0000769,PR00015015,Changeover,30,1,High
DT00000843,DTE0000769,PR00015016,Changeover,3,1,Low
DT00000844,DTE0000771,PR00015032,Process Adjustment,9,0,Low
DT00000845,DTE0000770,PR00015037,Quality Inspection,9,0,Low
DT00000846,DTE0000772,PR00015087,Planned Maintenance,16,1,Medium
DT00000847,DTE0000773,PR00015097,Quality Inspection,5,0,Low
DT00000848,DTE0000774,PR00015110,Quality Inspection,11,0,Medium
DT00000849,DTE0000776,PR00015141,Equipment Failure,27,0,High
DT00000850,DTE0000775,PR00015149,Planned Maintenance,16,1,Medium
DT00000851,DTE0000777,PR00015157,Changeover,4,1,Low
DT00000852,DTE0000778,PR00015172,Planned Maintenance,26,1,High
DT00000853,DTE0000779,PR00015192,Equipment Failure,15,0,Medium
DT00000854,DTE0000780,PR00015212,Process Adjustment,12,0,Medium
DT00000855,DTE0000781,PR00015287,Process Adjustment,6,0,Low
DT00000856,DTE0000783,PR00015305,Changeover,30,1,High
DT00000857,DTE0000783,PR00015306,Changeover,8,1,Low
DT00000858,DTE0000782,PR00015312,Process Adjustment,4,0,Low
DT00000859,DTE0000784,PR00015347,Process Adjustment,6,0,Low
DT00000860,DTE0000785,PR00015378,Equipment Failure,11,0,Medium
DT00000861,DTE0000786,PR00015405,Process Adjustment,15,0,Medium
DT00000862,DTE0000787,PR00015423,Equipment Failure,9,0,Low
DT00000863,DTE0000789,PR00015449,Changeover,30,1,High
DT00000864,DTE0000789,PR00015450,Changeover,5,1,Low
DT00000865,DTE0000788,PR00015452,Quality Inspection,12,0,Medium
DT00000866,DTE0000790,PR00015472,Changeover,5,1,Low
DT00000867,DTE0000791,PR00015477,Material Shortage,11,0,Medium
DT00000868,DTE0000793,PR00015490,Quality Inspection,14,0,Medium
DT00000869,DTE0000792,PR00015500,Other,24,0,Medium
DT00000870,DTE0000795,PR00015509,Material Shortage,19,0,Medium
DT00000871,DTE0000794,PR00015519,Changeover,6,1,Low
DT00000872,DTE0000796,PR00015524,Material Shortage,30,0,High
DT00000873,DTE0000797,PR00015559,Changeover,30,1,High
DT00000874,DTE0000797,PR00015560,Changeover,6,1,Low
DT00000875,DTE0000798,PR00015600,Material Shortage,5,0,Low
DT00000876,DTE0000799,PR00015606,Planned Maintenance,15,1,Medium
DT00000877,DTE0000800,PR00015621,Process Adjustment,5,0,Low
DT00000878,DTE0000801,PR00015692,Material Shortage,20,0,Medium
DT00000879,DTE0000802,PR00015711,Material Shortage,7,0,Low
DT00000880,DTE0000803,PR00015722,Changeover,24,1,Medium
DT00000881,DTE0000804,PR00015731,Equipment Failure,3,0,Low
DT00000882,DTE0000805,PR00015769,Equipment Failure,7,0,Low
DT00000883,DTE0000806,PR00015769,Changeover,23,1,Medium
DT00000884,DTE0000806,PR00015770,Changeover,4,1,Low
DT00000885,DTE0000807,PR00015777,Planned Maintenance,8,1,Low
DT00000886,DTE0000808,PR00015804,Material Shortage,8,0,Low
DT00000887,DTE0000809,PR00015827,Quality Inspection,10,0,Medium
DT00000888,DTE0000810,PR00015864,Changeover,6,1,Low
DT00000889,DTE0000811,PR00015864,Changeover,24,1,Medium
DT00000890,DTE0000811,PR00015865,Changeover,9,1,Low
DT00000891,DTE0000812,PR00015885,Process Adjustment,9,0,Low
DT00000892,DTE0000813,PR00015988,Process Adjustment,12,0,Medium
DT00000893,DTE0000814,PR00016010,Changeover,30,1,High
DT00000894,DTE0000815,PR00016027,Quality Inspection,16,0,Medium
DT00000895,DTE0000816,PR00016045,Quality Inspection,11,0,Medium
DT00000896,DTE0000817,PR00016051,Planned Maintenance,5,1,Low
DT00000897,DTE0000818,PR00016071,Changeover,17,1,Medium
DT00000898,DTE0000819,PR00016110,Changeover,22,1,Medium
DT00000899,DTE0000820,PR00016120,Equipment Failure,4,0,Low
DT00000900,DTE0000821,PR00016131,Planned Maintenance,10,1,Medium
DT00000901,DTE0000822,PR00016147,Process Adjustment,22,0,Medium
DT00000902,DTE0000823,PR00016170,Material Shortage,3,0,Low
DT00000903,DTE0000824,PR00016191,Process Adjustment,6,0,Low
DT00000904,DTE0000825,PR00016202,Changeover,17,1,Medium
DT00000905,DTE0000826,PR00016223,Other,13,0,Medium
DT00000906,DTE0000827,PR00016237,Planned Maintenance,12,1,Medium
DT00000907,DTE0000828,PR00016241,Changeover,3,1,Low
DT00000908,DTE0000829,PR00016261,Quality Inspection,14,0,Medium
DT00000909,DTE0000830,PR00016284,Quality Inspection,25,0,High
DT00000910,DTE0000831,PR00016377,Quality Inspection,7,0,Low
DT00000911,DTE0000832,PR00016385,Equipment Failure,3,0,Low
DT00000912,DTE0000833,PR00016404,Changeover,3,1,Low
DT00000913,DTE0000835,PR00016444,Equipment Failure,3,0,Low
DT00000914,DTE0000834,PR00016448,Planned Maintenance,16,1,Medium
DT00000915,DTE0000836,PR00016467,Planned Maintenance,3,1,Low
DT00000916,DTE0000837,PR00016485,Material Shortage,12,0,Medium
DT00000917,DTE0000838,PR00016544,Process Adjustment,21,0,Medium
DT00000918,DTE0000839,PR00016573,Equipment Failure,24,0,Medium
DT00000919,DTE0000840,PR00016581,Quality Inspection,7,0,Low
DT00000920,DTE0000841,PR00016653,Process Adjustment,8,0,Low
DT00000921,DTE0000842,PR00016671,Material Shortage,12,0,Medium
DT00000922,DTE0000843,PR00016683,Planned Maintenance,13,1,Medium
DT00000923,DTE0000844,PR00016690,Equipment Failure,17,0,Medium
DT00000924,DTE0000845,PR00016718,Planned Maintenance,4,1,Low
DT00000925,DTE0000846,PR00016728,Planned Maintenance,6,1,Low
DT00000926,DTE0000847,PR00016785,Changeover,11,1,Medium
DT00000927,DTE0000849,PR00016825,Changeover,15,1,Medium
DT00000928,DTE0000848,PR00016832,Changeover,10,1,Medium
DT00000929,DTE0000850,PR00016833,Changeover,3,1,Low
DT00000930,DTE0000851,PR00016873,Equipment Failure,19,0,Medium
DT00000931,DTE0000852,PR00016879,Changeover,21,1,Medium
DT00000932,DTE0000853,PR00016906,Planned Maintenance,4,1,Low
DT00000933,DTE0000854,PR00016956,Other,14,0,Medium
DT00000934,DTE0000855,PR00016972,Equipment Failure,5,0,Low
DT00000935,DTE0000856,PR00016986,Process Adjustment,22,0,Medium
DT00000936,DTE0000857,PR00017001,Material Shortage,6,0,Low
DT00000937,DTE0000858,PR00017028,Changeover,7,1,Low
DT00000938,DTE0000860,PR00017051,Changeover,30,1,High
DT00000939,DTE0000860,PR00017052,Changeover,8,1,Low
DT00000940,DTE0000859,PR00017055,Material Shortage,16,0,Medium
DT00000941,DTE0000861,PR00017063,Changeover,30,1,High
DT00000942,DTE0000861,PR00017064,Changeover,9,1,Low
DT00000943,DTE0000862,PR00017079,Changeover,3,1,Low
DT00000944,DTE0000864,PR00017081,Changeover,15,1,Medium
DT00000945,DTE0000863,PR00017082,Other,9,0,Low
DT00000946,DTE0000865,PR00017107,Planned Maintenance,4,1,Low
DT00000947,DTE0000866,PR00017115,Changeover,16,1,Medium
DT00000948,DTE0000867,PR00017129,Process Adjustment,13,0,Medium
DT00000949,DTE0000868,PR00017155,Equipment Failure,4,0,Low
DT00000950,DTE0000869,PR00017211,Process Adjustment,3,0,Low
DT00000951,DTE0000870,PR00017231,Other,9,0,Low
DT00000952,DTE0000871,PR00017247,Process Adjustment,12,0,Medium
DT00000953,DTE0000872,PR00017273,Material Shortage,5,0,Low
DT00000954,DTE0000873,PR00017285,Changeover,29,1,High
DT00000955,DTE0000874,PR00017289,Changeover,19,1,Medium
DT00000956,DTE0000876,PR00017319,Changeover,30,1,High
DT00000957,DTE0000876,PR00017320,Changeover,9,1,Low
DT00000958,DTE0000875,PR00017328,Process Adjustment,17,0,Medium
DT00000959,DTE0000877,PR00017341,Changeover,13,1,Medium
DT00000960,DTE0000878,PR00017383,Equipment Failure,5,0,Low
DT00000961,DTE0000879,PR00017449,Material Shortage,6,0,Low
DT00000962,DTE0000880,PR00017470,Equipment Failure,14,0,Medium
DT00000963,DTE0000881,PR00017476,Process Adjustment,7,0,Low
DT00000964,DTE0000882,PR00017503,Process Adjustment,5,0,Low
DT00000965,DTE0000883,PR00017514,Changeover,5,1,Low
DT00000966,DTE0000885,PR00017528,Changeover,30,1,High
DT00000967,DTE0000885,PR00017529,Changeover,10,1,Medium
DT00000968,DTE0000884,PR00017532,Planned Maintenance,13,1,Medium
DT00000969,DTE0000886,PR00017547,Changeover,10,1,Medium
DT00000970,DTE0000887,PR00017565,Changeover,11,1,Medium
DT00000971,DTE0000888,PR00017569,Changeover,29,1,High
DT00000972,DTE0000889,PR00017598,Changeover,10,1,Medium
DT00000973,DTE0000890,PR00017614,Quality Inspection,11,0,Medium
DT00000974,DTE0000891,PR00017629,Other,8,0,Low
DT00000975,DTE0000892,PR00017637,Quality Inspection,8,0,Low
DT00000976,DTE0000893,PR00017654,Quality Inspection,3,0,Low
DT00000977,DTE0000894,PR00017670,Other,9,0,Low
DT00000978,DTE0000895,PR00017693,Equipment Failure,12,0,Medium
DT00000979,DTE0000896,PR00017716,Quality Inspection,4,0,Low
DT00000980,DTE0000897,PR00017753,Changeover,30,1,High
DT00000981,DTE0000897,PR00017754,Changeover,18,1,Medium
DT00000982,DTE0000898,PR00017775,Other,3,0,Low
DT00000983,DTE0000900,PR00017780,Equipment Failure,6,0,Low
DT00000984,DTE0000899,PR00017790,Changeover,3,1,Low
DT00000985,DTE0000902,PR00017798,Process Adjustment,30,0,High
DT00000986,DTE0000901,PR00017808,Other,4,0,Low
DT00000987,DTE0000903,PR00017819,Changeover,25,1,High
DT00000988,DTE0000904,PR00017837,Changeover,14,1,Medium
DT00000989,DTE0000905,PR00017859,Other,24,0,Medium
DT00000990,DTE0000906,PR00017881,Changeover,30,1,High
DT00000991,DTE0000906,PR00017882,Changeover,4,1,Low
DT00000992,DTE0000907,PR00017893,Changeover,9,1,Low
DT00000993,DTE0000908,PR00017906,Equipment Failure,9,0,Low
DT00000994,DTE0000909,PR00017912,Planned Maintenance,20,1,Medium
DT00000995,DTE0000910,PR00017921,Planned Maintenance,3,1,Low
DT00000996,DTE0000911,PR00017926,Material Shortage,14,0,Medium
DT00000997,DTE0000912,PR00017938,Other,5,0,Low
DT00000998,DTE0000913,PR00017957,Process Adjustment,11,0,Medium
DT00000999,DTE0000914,PR00017960,Changeover,30,1,High
DT00001000,DTE0000914,PR00017961,Changeover,4,1,Low
DT00001001,DTE0000915,PR00017979,Quality Inspection,10,0,Medium
DT00001002,DTE0000916,PR00018007,Material Shortage,21,0,Medium
DT00001003,DTE0000917,PR00018022,Material Shortage,13,0,Medium
DT00001004,DTE0000918,PR00018048,Equipment Failure,6,0,Low
DT00001005,DTE0000919,PR00018086,Other,12,0,Medium
DT00001006,DTE0000920,PR00018089,Equipment Failure,6,0,Low
DT00001007,DTE0000921,PR00018104,Process Adjustment,17,0,Medium
DT00001008,DTE0000922,PR00018123,Other,5,0,Low
DT00001009,DTE0000923,PR00018139,Changeover,25,1,High
DT00001010,DTE0000924,PR00018185,Changeover,4,1,Low
DT00001011,DTE0000926,PR00018216,Changeover,30,1,High
DT00001012,DTE0000926,PR00018217,Changeover,1,1,Low
DT00001013,DTE0000925,PR00018222,Changeover,7,1,Low
DT00001014,DTE0000927,PR00018240,Equipment Failure,8,0,Low
DT00001015,DTE0000928,PR00018252,Changeover,3,1,Low
DT00001016,DTE0000929,PR00018284,Equipment Failure,26,0,High
DT00001017,DTE0000930,PR00018336,Quality Inspection,12,0,Medium
DT00001018,DTE0000932,PR00018344,Changeover,13,1,Medium
DT00001019,DTE0000931,PR00018345,Process Adjustment,3,0,Low
DT00001020,DTE0000933,PR00018365,Other,9,0,Low
DT00001021,DTE0000934,PR00018383,Process Adjustment,23,0,Medium
DT00001022,DTE0000935,PR00018405,Equipment Failure,30,0,High
DT00001023,DTE0000935,PR00018406,Equipment Failure,24,0,Medium
DT00001024,DTE0000936,PR00018464,Material Shortage,26,0,High
DT00001025,DTE0000938,PR00018473,Changeover,14,1,Medium
DT00001026,DTE0000937,PR00018477,Process Adjustment,15,0,Medium
DT00001027,DTE0000939,PR00018493,Changeover,7,1,Low
DT00001028,DTE0000940,PR00018505,Changeover,14,1,Medium
DT00001029,DTE0000941,PR00018540,Equipment Failure,7,0,Low
DT00001030,DTE0000942,PR00018541,Planned Maintenance,5,1,Low
DT00001031,DTE0000943,PR00018547,Equipment Failure,14,0,Medium
DT00001032,DTE0000944,PR00018553,Changeover,30,1,High
DT00001033,DTE0000944,PR00018554,Changeover,1,1,Low
DT00001034,DTE0000945,PR00018566,Material Shortage,6,0,Low
DT00001035,DTE0000946,PR00018630,Equipment Failure,16,0,Medium
DT00001036,DTE0000947,PR00018644,Process Adjustment,3,0,Low
DT00001037,DTE0000948,PR00018662,Quality Inspection,7,0,Low
DT00001038,DTE0000949,PR00018665,Changeover,17,1,Medium
DT00001039,DTE0000950,PR00018692,Changeover,9,1,Low
DT00001040,DTE0000951,PR00018715,Changeover,30,1,High
DT00001041,DTE0000951,PR00018716,Changeover,1,1,Low
DT00001042,DTE0000952,PR00018739,Planned Maintenance,12,1,Medium
DT00001043,DTE0000953,PR00018793,Equipment Failure,3,0,Low
DT00001044,DTE0000954,PR00018805,Process Adjustment,7,0,Low
DT00001045,DTE0000955,PR00018877,Process Adjustment,6,0,Low
DT00001046,DTE0000956,PR00018894,Material Shortage,8,0,Low
DT00001047,DTE0000957,PR00018910,Equipment Failure,12,0,Medium
DT00001048,DTE0000958,PR00018920,Process Adjustment,4,0,Low
DT00001049,DTE0000959,PR00018920,Changeover,26,1,High
DT00001050,DTE0000959,PR00018921,Changeover,5,1,Low
DT00001051,DTE0000960,PR00018930,Process Adjustment,12,0,Medium
DT00001052,DTE0000961,PR00018963,Quality Inspection,19,0,Medium
DT00001053,DTE0000963,PR00018967,Changeover,22,1,Medium
DT00001054,DTE0000962,PR00018973,Changeover,4,1,Low
DT00001055,DTE0000964,PR00018986,Process Adjustment,19,0,Medium
DT00001056,DTE0000965,PR00018987,Changeover,17,1,Medium
DT00001057,DTE0000966,PR00019032,Changeover,18,1,Medium
DT00001058,DTE0000968,PR00019062,Process Adjustment,23,0,Medium
DT00001059,DTE0000967,PR00019071,Equipment Failure,30,0,High
DT00001060,DTE0000967,PR00019072,Equipment Failure,28,0,High
DT00001061,DTE0000969,PR00019080,Material Shortage,10,0,Medium
DT00001062,DTE0000970,PR00019097,Material Shortage,9,0,Low
DT00001063,DTE0000971,PR00019111,Quality Inspection,13,0,Medium
DT00001064,DTE0000972,PR00019134,Equipment Failure,16,0,Medium
DT00001065,DTE0000973,PR00019175,Quality Inspection,18,0,Medium
DT00001066,DTE0000974,PR00019197,Planned Maintenance,17,1,Medium
DT00001067,DTE0000975,PR00019247,Planned Maintenance,4,1,Low
DT00001068,DTE0000976,PR00019253,Changeover,7,1,Low
DT00001069,DTE0000977,PR00019258,Changeover,21,1,Medium
DT00001070,DTE0000978,PR00019275,Changeover,4,1,Low
DT00001071,DTE0000979,PR00019282,Quality Inspection,8,0,Low
DT00001072,DTE0000980,PR00019317,Planned Maintenance,9,1,Low
DT00001073,DTE0000981,PR00019355,Changeover,30,1,High
DT00001074,DTE0000981,PR00019356,Changeover,5,1,Low
DT00001075,DTE0000982,PR00019371,Process Adjustment,23,0,Medium
DT00001076,DTE0000983,PR00019387,Changeover,30,1,High
DT00001077,DTE0000983,PR00019388,Changeover,6,1,Low
DT00001078,DTE0000985,PR00019400,Other,30,0,High
DT00001079,DTE0000985,PR00019401,Other,1,0,Low
DT00001080,DTE0000984,PR00019402,Changeover,7,1,Low
DT00001081,DTE0000986,PR00019416,Other,19,0,Medium
DT00001082,DTE0000987,PR00019463,Planned Maintenance,8,1,Low
DT00001083,DTE0000988,PR00019477,Planned Maintenance,22,1,Medium
DT00001084,DTE0000989,PR00019494,Quality Inspection,10,0,Medium
DT00001085,DTE0000990,PR00019532,Material Shortage,11,0,Medium
DT00001086,DTE0000991,PR00019558,Changeover,3,1,Low
DT00001087,DTE0000992,PR00019561,Changeover,30,1,High
DT00001088,DTE0000992,PR00019562,Changeover,4,1,Low
DT00001089,DTE0000993,PR00019575,Changeover,27,1,High
DT00001090,DTE0000994,PR00019586,Changeover,19,1,Medium
DT00001091,DTE0000995,PR00019594,Changeover,30,1,High
DT00001092,DTE0000995,PR00019595,Changeover,9,1,Low
DT00001093,DTE0000996,PR00019640,Equipment Failure,30,0,High
DT00001094,DTE0000996,PR00019641,Equipment Failure,17,0,Medium
DT00001095,DTE0000998,PR00019651,Material Shortage,6,0,Low
DT00001096,DTE0000997,PR00019661,Other,30,0,High
DT00001097,DTE0000997,PR00019662,Other,5,0,Low
DT00001098,DTE0000999,PR00019707,Other,3,0,Low
DT00001099,DTE0001000,PR00019719,Changeover,30,1,High
DT00001100,DTE0001000,PR00019720,Changeover,10,1,Medium
DT00001101,DTE0001001,PR00019740,Other,28,0,High
DT00001102,DTE0001002,PR00019748,Process Adjustment,4,0,Low
DT00001103,DTE0001003,PR00019773,Equipment Failure,16,0,Medium
DT00001104,DTE0001004,PR00019788,Quality Inspection,30,0,High
DT00001105,DTE0001004,PR00019789,Quality Inspection,8,0,Low
DT00001106,DTE0001005,PR00019798,Planned Maintenance,3,1,Low
DT00001107,DTE0001006,PR00019810,Other,11,0,Medium
DT00001108,DTE0001008,PR00019847,Changeover,24,1,Medium
DT00001109,DTE0001007,PR00019850,Changeover,14,1,Medium
DT00001110,DTE0001009,PR00019879,Material Shortage,30,0,High
DT00001111,DTE0001009,PR00019880,Material Shortage,13,0,Medium
DT00001112,DTE0001010,PR00019895,Equipment Failure,4,0,Low
DT00001113,DTE0001012,PR00019914,Process Adjustment,14,0,Medium
DT00001114,DTE0001011,PR00019920,Changeover,17,1,Medium
DT00001115,DTE0001013,PR00019928,Changeover,15,1,Medium
DT00001116,DTE0001014,PR00019947,Material Shortage,4,0,Low
DT00001117,DTE0001015,PR00020003,Equipment Failure,5,0,Low
DT00001118,DTE0001016,PR00020023,Equipment Failure,17,0,Medium
DT00001119,DTE0001017,PR00020036,Equipment Failure,5,0,Low
DT00001120,DTE0001018,PR00020062,Planned Maintenance,3,1,Low
DT00001121,DTE0001019,PR00020084,Changeover,21,1,Medium
DT00001122,DTE0001021,PR00020107,Changeover,14,1,Medium
DT00001123,DTE0001020,PR00020112,Planned Maintenance,6,1,Low
DT00001124,DTE0001023,PR00020123,Changeover,30,1,High
DT00001125,DTE0001023,PR00020124,Changeover,1,1,Low
DT00001126,DTE0001022,PR00020127,Material Shortage,4,0,Low
DT00001127,DTE0001024,PR00020139,Equipment Failure,7,0,Low
DT00001128,DTE0001025,PR00020160,Quality Inspection,5,0,Low
DT00001129,DTE0001026,PR00020169,Material Shortage,14,0,Medium
DT00001130,DTE0001027,PR00020191,Process Adjustment,26,0,High
DT00001131,DTE0001028,PR00020215,Other,6,0,Low
DT00001132,DTE0001029,PR00020269,Equipment Failure,17,0,Medium
DT00001133,DTE0001030,PR00020282,Changeover,10,1,Medium
DT00001134,DTE0001031,PR00020299,Planned Maintenance,17,1,Medium
DT00001135,DTE0001033,PR00020339,Quality Inspection,19,0,Medium
DT00001136,DTE0001034,PR00020345,Changeover,30,1,High
DT00001137,DTE0001034,PR00020346,Changeover,4,1,Low
DT00001138,DTE0001032,PR00020352,Process Adjustment,18,0,Medium
DT00001139,DTE0001037,PR00020359,Changeover,24,1,Medium
DT00001140,DTE0001035,PR00020366,Changeover,14,1,Medium
DT00001141,DTE0001036,PR00020367,Material Shortage,29,0,High
DT00001142,DTE0001038,PR00020375,Equipment Failure,9,0,Low
DT00001143,DTE0001039,PR00020397,Changeover,20,1,Medium
DT00001144,DTE0001040,PR00020405,Planned Maintenance,6,1,Low
DT00001145,DTE0001041,PR00020421,Equipment Failure,3,0,Low
DT00001146,DTE0001042,PR00020425,Changeover,30,1,High
DT00001147,DTE0001042,PR00020426,Changeover,4,1,Low
DT00001148,DTE0001043,PR00020435,Changeover,30,1,High
DT00001149,DTE0001043,PR00020436,Changeover,3,1,Low
DT00001150,DTE0001044,PR00020458,Changeover,6,1,Low
DT00001151,DTE0001045,PR00020471,Process Adjustment,21,0,Medium
DT00001152,DTE0001046,PR00020491,Process Adjustment,18,0,Medium
DT00001153,DTE0001047,PR00020497,Quality Inspection,12,0,Medium
DT00001154,DTE0001048,PR00020539,Equipment Failure,3,0,Low
DT00001155,DTE0001050,PR00020594,Process Adjustment,20,0,Medium
DT00001156,DTE0001049,PR00020605,Equipment Failure,12,0,Medium
DT00001157,DTE0001051,PR00020611,Equipment Failure,8,0,Low
DT00001158,DTE0001052,PR00020638,Equipment Failure,12,0,Medium
DT00001159,DTE0001053,PR00020642,Other,9,0,Low
DT00001160,DTE0001055,PR00020660,Material Shortage,12,0,Medium
DT00001161,DTE0001054,PR00020668,Material Shortage,6,0,Low
DT00001162,DTE0001058,PR00020681,Changeover,30,1,High
DT00001163,DTE0001056,PR00020687,Other,14,0,Medium
DT00001164,DTE0001057,PR00020687,Process Adjustment,16,0,Medium
DT00001165,DTE0001059,PR00020699,Quality Inspection,3,0,Low
DT00001166,DTE0001060,PR00020720,Changeover,4,1,Low
DT00001167,DTE0001061,PR00020767,Quality Inspection,6,0,Low
DT00001168,DTE0001062,PR00020776,Process Adjustment,10,0,Medium
DT00001169,DTE0001063,PR00020788,Material Shortage,30,0,High
DT00001170,DTE0001063,PR00020789,Material Shortage,6,0,Low
DT00001171,DTE0001064,PR00020796,Process Adjustment,4,0,Low
DT00001172,DTE0001065,PR00020803,Other,8,0,Low
DT00001173,DTE0001066,PR00020879,Material Shortage,21,0,Medium
DT00001174,DTE0001067,PR00020904,Equipment Failure,30,0,High
DT00001175,DTE0001067,PR00020905,Equipment Failure,12,0,Medium
DT00001176,DTE0001068,PR00020925,Process Adjustment,16,0,Medium
DT00001177,DTE0001069,PR00020929,Equipment Failure,9,0,Low
DT00001178,DTE0001070,PR00020943,Quality Inspection,10,0,Medium
DT00001179,DTE0001071,PR00020946,Changeover,10,1,Medium
DT00001180,DTE0001072,PR00020951,Changeover,16,1,Medium
DT00001181,DTE0001073,PR00020999,Material Shortage,21,0,Medium
DT00001182,DTE0001075,PR00021012,Quality Inspection,7,0,Low
DT00001183,DTE0001074,PR00021024,Equipment Failure,7,0,Low
DT00001184,DTE0001076,PR00021034,Quality Inspection,7,0,Low
DT00001185,DTE0001077,PR00021049,Planned Maintenance,14,1,Medium
DT00001186,DTE0001078,PR00021049,Other,14,0,Medium
DT00001187,DTE0001079,PR00021082,Changeover,16,1,Medium
DT00001188,DTE0001080,PR00021116,Equipment Failure,6,0,Low
DT00001189,DTE0001081,PR00021125,Process Adjustment,16,0,Medium
DT00001190,DTE0001082,PR00021150,Changeover,12,1,Medium
DT00001191,DTE0001083,PR00021168,Equipment Failure,3,0,Low
DT00001192,DTE0001084,PR00021189,Material Shortage,15,0,Medium
DT00001193,DTE0001085,PR00021245,Equipment Failure,4,0,Low
DT00001194,DTE0001086,PR00021269,Other,8,0,Low
DT00001195,DTE0001087,PR00021281,Quality Inspection,30,0,High
DT00001196,DTE0001087,PR00021282,Quality Inspection,5,0,Low
DT00001197,DTE0001088,PR00021310,Quality Inspection,17,0,Medium
DT00001198,DTE0001089,PR00021318,Planned Maintenance,7,1,Low
DT00001199,DTE0001090,PR00021346,Quality Inspection,5,0,Low
DT00001200,DTE0001091,PR00021363,Other,9,0,Low
DT00001201,DTE0001092,PR00021389,Material Shortage,7,0,Low
DT00001202,DTE0001093,PR00021423,Equipment Failure,11,0,Medium
DT00001203,DTE0001094,PR00021432,Equipment Failure,11,0,Medium
DT00001204,DTE0001095,PR00021435,Process Adjustment,12,0,Medium
DT00001205,DTE0001096,PR00021447,Changeover,27,1,High
DT00001206,DTE0001097,PR00021470,Changeover,14,1,Medium
DT00001207,DTE0001098,PR00021488,Changeover,4,1,Low
DT00001208,DTE0001099,PR00021528,Changeover,15,1,Medium
DT00001209,DTE0001101,PR00021543,Equipment Failure,4,0,Low
DT00001210,DTE0001100,PR00021550,Changeover,7,1,Low
DT00001211,DTE0001102,PR00021589,Quality Inspection,6,0,Low
DT00001212,DTE0001103,PR00021619,Changeover,23,1,Medium
DT00001213,DTE0001104,PR00021654,Material Shortage,13,0,Medium
DT00001214,DTE0001105,PR00021676,Equipment Failure,10,0,Medium
DT00001215,DTE0001106,PR00021687,Quality Inspection,14,0,Medium
DT00001216,DTE0001107,PR00021718,Process Adjustment,13,0,Medium
DT00001217,DTE0001108,PR00021735,Changeover,4,1,Low
DT00001218,DTE0001109,PR00021781,Process Adjustment,30,0,High
DT00001219,DTE0001109,PR00021782,Process Adjustment,4,0,Low
DT00001220,DTE0001110,PR00021800,Planned Maintenance,8,1,Low
DT00001221,DTE0001111,PR00021840,Quality Inspection,15,0,Medium
DT00001222,DTE0001112,PR00021849,Quality Inspection,5,0,Low
DT00001223,DTE0001113,PR00021886,Material Shortage,4,0,Low
DT00001224,DTE0001114,PR00021887,Equipment Failure,3,0,Low
DT00001225,DTE0001116,PR00021911,Changeover,30,1,High
DT00001226,DTE0001115,PR00021917,Process Adjustment,10,0,Medium
DT00001227,DTE0001117,PR00021923,Other,7,0,Low
DT00001228,DTE0001119,PR00021943,Process Adjustment,4,0,Low
DT00001229,DTE0001118,PR00021946,Changeover,30,1,High
DT00001230,DTE0001118,PR00021947,Changeover,7,1,Low
DT00001231,DTE0001120,PR00021965,Process Adjustment,8,0,Low
DT00001232,DTE0001122,PR00021976,Changeover,21,1,Medium
DT00001233,DTE0001121,PR00021977,Process Adjustment,3,0,Low
DT00001234,DTE0001123,PR00021993,Process Adjustment,8,0,Low
DT00001235,DTE0001124,PR00022010,Process Adjustment,16,0,Medium
DT00001236,DTE0001125,PR00022025,Changeover,3,1,Low
DT00001237,DTE0001126,PR00022026,Changeover,30,1,High
DT00001238,DTE0001126,PR00022027,Changeover,5,1,Low
DT00001239,DTE0001127,PR00022037,Process Adjustment,9,0,Low
DT00001240,DTE0001128,PR00022080,Process Adjustment,13,0,Medium
DT00001241,DTE0001129,PR00022106,Equipment Failure,13,0,Medium
DT00001242,DTE0001130,PR00022124,Planned Maintenance,12,1,Medium
DT00001243,DTE0001131,PR00022135,Quality Inspection,6,0,Low
DT00001244,DTE0001132,PR00022160,Planned Maintenance,10,1,Medium
DT00001245,DTE0001133,PR00022177,Planned Maintenance,3,1,Low
DT00001246,DTE0001134,PR00022184,Process Adjustment,14,0,Medium
DT00001247,DTE0001135,PR00022193,Changeover,5,1,Low
DT00001248,DTE0001136,PR00022219,Changeover,12,1,Medium
DT00001249,DTE0001137,PR00022237,Other,21,0,Medium
DT00001250,DTE0001138,PR00022251,Changeover,4,1,Low
DT00001251,DTE0001139,PR00022280,Changeover,9,1,Low
DT00001252,DTE0001141,PR00022293,Equipment Failure,17,0,Medium
DT00001253,DTE0001140,PR00022300,Material Shortage,14,0,Medium
DT00001254,DTE0001142,PR00022361,Changeover,10,1,Medium
DT00001255,DTE0001143,PR00022375,Planned Maintenance,7,1,Low
DT00001256,DTE0001144,PR00022395,Process Adjustment,4,0,Low
DT00001257,DTE0001145,PR00022406,Planned Maintenance,11,1,Medium
DT00001258,DTE0001147,PR00022423,Changeover,29,1,High
DT00001259,DTE0001146,PR00022425,Planned Maintenance,17,1,Medium
DT00001260,DTE0001149,PR00022437,Other,3,0,Low
DT00001261,DTE0001148,PR00022438,Material Shortage,19,0,Medium
DT00001262,DTE0001150,PR00022454,Changeover,12,1,Medium
DT00001263,DTE0001151,PR00022457,Changeover,30,1,High
DT00001264,DTE0001151,PR00022458,Changeover,6,1,Low
DT00001265,DTE0001152,PR00022474,Process Adjustment,6,0,Low
DT00001266,DTE0001153,PR00022474,Changeover,16,1,Medium
DT00001267,DTE0001154,PR00022484,Equipment Failure,13,0,Medium
DT00001268,DTE0001155,PR00022573,Other,17,0,Medium
DT00001269,DTE0001156,PR00022646,Planned Maintenance,12,1,Medium
DT00001270,DTE0001157,PR00022660,Equipment Failure,9,0,Low
DT00001271,DTE0001158,PR00022677,Other,10,0,Medium
DT00001272,DTE0001159,PR00022713,Changeover,30,1,High
DT00001273,DTE0001160,PR00022725,Changeover,3,1,Low
DT00001274,DTE0001161,PR00022750,Process Adjustment,18,0,Medium
DT00001275,DTE0001162,PR00022761,Quality Inspection,11,0,Medium
DT00001276,DTE0001163,PR00022761,Changeover,19,1,Medium
DT00001277,DTE0001163,PR00022762,Changeover,4,1,Low
DT00001278,DTE0001164,PR00022799,Planned Maintenance,16,1,Medium
DT00001279,DTE0001165,PR00022863,Changeover,13,1,Medium
DT00001280,DTE0001166,PR00022884,Equipment Failure,4,0,Low
DT00001281,DTE0001167,PR00022920,Changeover,11,1,Medium
DT00001282,DTE0001168,PR00022974,Changeover,22,1,Medium
DT00001283,DTE0001169,PR00022978,Equipment Failure,30,0,High
DT00001284,DTE0001169,PR00022979,Equipment Failure,10,0,Medium
DT00001285,DTE0001170,PR00022997,Changeover,5,1,Low
DT00001286,DTE0001171,PR00023004,Equipment Failure,30,0,High
DT00001287,DTE0001171,PR00023005,Equipment Failure,1,0,Low
DT00001288,DTE0001172,PR00023015,Equipment Failure,4,0,Low
DT00001289,DTE0001173,PR00023016,Changeover,12,1,Medium
DT00001290,DTE0001175,PR00023038,Quality Inspection,6,0,Low
DT00001291,DTE0001174,PR00023039,Changeover,15,1,Medium
DT00001292,DTE0001176,PR00023064,Material Shortage,7,0,Low
DT00001293,DTE0001177,PR00023082,Planned Maintenance,11,1,Medium
DT00001294,DTE0001178,PR00023096,Equipment Failure,5,0,Low
DT00001295,DTE0001179,PR00023119,Changeover,18,1,Medium
DT00001296,DTE0001180,PR00023169,Process Adjustment,3,0,Low
DT00001297,DTE0001181,PR00023213,Other,7,0,Low
DT00001298,DTE0001182,PR00023228,Quality Inspection,10,0,Medium
DT00001299,DTE0001183,PR00023256,Quality Inspection,4,0,Low
DT00001300,DTE0001184,PR00023279,Equipment Failure,8,0,Low
DT00001301,DTE0001185,PR00023291,Changeover,30,1,High
DT00001302,DTE0001185,PR00023292,Changeover,4,1,Low
DT00001303,DTE0001187,PR00023300,Planned Maintenance,20,1,Medium
DT00001304,DTE0001186,PR00023311,Material Shortage,7,0,Low
DT00001305,DTE0001188,PR00023330,Planned Maintenance,12,1,Medium
DT00001306,DTE0001189,PR00023341,Planned Maintenance,12,1,Medium
DT00001307,DTE0001190,PR00023357,Changeover,20,1,Medium
DT00001308,DTE0001192,PR00023387,Changeover,27,1,High
DT00001309,DTE0001191,PR00023388,Changeover,11,1,Medium
DT00001310,DTE0001193,PR00023425,Quality Inspection,3,0,Low
DT00001311,DTE0001194,PR00023442,Equipment Failure,30,0,High
DT00001312,DTE0001194,PR00023443,Equipment Failure,2,0,Low
DT00001313,DTE0001195,PR00023467,Equipment Failure,8,0,Low
DT00001314,DTE0001196,PR00023490,Changeover,13,1,Medium
DT00001315,DTE0001197,PR00023519,Process Adjustment,17,0,Medium
DT00001316,DTE0001198,PR00023528,Quality Inspection,13,0,Medium
DT00001317,DTE0001199,PR00023539,Equipment Failure,13,0,Medium
DT00001318,DTE0001200,PR00023553,Process Adjustment,30,0,High
DT00001319,DTE0001200,PR00023554,Process Adjustment,3,0,Low
DT00001320,DTE0001201,PR00023573,Changeover,3,1,Low
DT00001321,DTE0001203,PR00023587,Changeover,7,1,Low
DT00001322,DTE0001202,PR00023600,Quality Inspection,10,0,Medium
DT00001323,DTE0001204,PR00023610,Changeover,16,1,Medium
DT00001324,DTE0001205,PR00023610,Changeover,14,1,Medium
DT00001325,DTE0001206,PR00023638,Planned Maintenance,15,1,Medium
DT00001326,DTE0001207,PR00023662,Other,16,0,Medium
DT00001327,DTE0001208,PR00023737,Quality Inspection,5,0,Low
DT00001328,DTE0001209,PR00023777,Process Adjustment,16,0,Medium
DT00001329,DTE0001210,PR00023799,Planned Maintenance,24,1,Medium
DT00001330,DTE0001211,PR00023800,Material Shortage,6,0,Low
DT00001331,DTE0001213,PR00023836,Planned Maintenance,30,1,High
DT00001332,DTE0001213,PR00023837,Planned Maintenance,9,1,Low
DT00001333,DTE0001212,PR00023839,Material Shortage,11,0,Medium
DT00001334,DTE0001214,PR00023870,Planned Maintenance,14,1,Medium
DT00001335,DTE0001215,PR00023887,Changeover,5,1,Low
DT00001336,DTE0001216,PR00023920,Quality Inspection,10,0,Medium
DT00001337,DTE0001217,PR00023932,Material Shortage,15,0,Medium
DT00001338,DTE0001219,PR00023939,Planned Maintenance,7,1,Low
DT00001339,DTE0001218,PR00023946,Material Shortage,7,0,Low
DT00001340,DTE0001220,PR00023953,Material Shortage,5,0,Low
DT00001341,DTE0001221,PR00023989,Equipment Failure,9,0,Low
DT00001342,DTE0001222,PR00024016,Changeover,18,1,Medium
DT00001343,DTE0001223,PR00024030,Quality Inspection,24,0,Medium
DT00001344,DTE0001224,PR00024045,Quality Inspection,12,0,Medium
DT00001345,DTE0001225,PR00024066,Planned Maintenance,30,1,High
DT00001346,DTE0001225,PR00024067,Planned Maintenance,30,1,High
DT00001347,DTE0001225,PR00024068,Planned Maintenance,11,1,Medium
DT00001348,DTE0001226,PR00024084,Other,10,0,Medium
DT00001349,DTE0001227,PR00024104,Equipment Failure,3,0,Low
DT00001350,DTE0001228,PR00024119,Quality Inspection,9,0,Low
DT00001351,DTE0001229,PR00024146,Planned Maintenance,9,1,Low
DT00001352,DTE0001230,PR00024185,Other,4,0,Low
DT00001353,DTE0001231,PR00024265,Process Adjustment,5,0,Low
DT00001354,DTE0001232,PR00024302,Equipment Failure,21,0,Medium
DT00001355,DTE0001233,PR00024318,Other,7,0,Low
DT00001356,DTE0001234,PR00024329,Material Shortage,30,0,High
DT00001357,DTE0001234,PR00024330,Material Shortage,18,0,Medium
DT00001358,DTE0001236,PR00024347,Changeover,23,1,Medium
DT00001359,DTE0001235,PR00024350,Quality Inspection,12,0,Medium
DT00001360,DTE0001237,PR00024359,Material Shortage,6,0,Low
DT00001361,DTE0001238,PR00024382,Equipment Failure,25,0,High
DT00001362,DTE0001239,PR00024471,Changeover,3,1,Low
DT00001363,DTE0001240,PR00024476,Quality Inspection,6,0,Low
DT00001364,DTE0001241,PR00024497,Material Shortage,20,0,Medium
DT00001365,DTE0001242,PR00024499,Equipment Failure,16,0,Medium
DT00001366,DTE0001243,PR00024516,Process Adjustment,6,0,Low
DT00001367,DTE0001244,PR00024542,Equipment Failure,12,0,Medium
DT00001368,DTE0001245,PR00024551,Equipment Failure,4,0,Low
DT00001369,DTE0001246,PR00024563,Planned Maintenance,7,1,Low
DT00001370,DTE0001247,PR00024597,Material Shortage,10,0,Medium
DT00001371,DTE0001248,PR00024618,Changeover,30,1,High
DT00001372,DTE0001248,PR00024619,Changeover,9,1,Low
DT00001373,DTE0001251,PR00024632,Changeover,27,1,High
DT00001374,DTE0001250,PR00024636,Process Adjustment,6,0,Low
DT00001375,DTE0001249,PR00024637,Process Adjustment,27,0,High
DT00001376,DTE0001252,PR00024653,Changeover,7,1,Low
DT00001377,DTE0001253,PR00024695,Planned Maintenance,30,1,High
DT00001378,DTE0001253,PR00024696,Planned Maintenance,19,1,Medium
DT00001379,DTE0001254,PR00024717,Material Shortage,8,0,Low
DT00001380,DTE0001255,PR00024723,Material Shortage,7,0,Low
DT00001381,DTE0001256,PR00024743,Quality Inspection,29,0,High
DT00001382,DTE0001257,PR00024747,Quality Inspection,18,0,Medium
DT00001383,DTE0001258,PR00024762,Quality Inspection,14,0,Medium
DT00001384,DTE0001259,PR00024794,Equipment Failure,30,0,High
DT00001385,DTE0001259,PR00024795,Equipment Failure,2,0,Low
DT00001386,DTE0001260,PR00024800,Planned Maintenance,8,1,Low
DT00001387,DTE0001261,PR00024806,Quality Inspection,10,0,Medium
DT00001388,DTE0001262,PR00024829,Equipment Failure,16,0,Medium
DT00001389,DTE0001263,PR00024848,Changeover,13,1,Medium
DT00001390,DTE0001264,PR00024859,Process Adjustment,5,0,Low
DT00001391,DTE0001265,PR00024879,Equipment Failure,17,0,Medium
DT00001392,DTE0001266,PR00024901,Changeover,6,1,Low
DT00001393,DTE0001267,PR00024946,Planned Maintenance,23,1,Medium
DT00001394,DTE0001268,PR00024963,Quality Inspection,4,0,Low
DT00001395,DTE0001269,PR00024980,Equipment Failure,14,0,Medium
DT00001396,DTE0001270,PR00025018,Equipment Failure,5,0,Low
DT00001397,DTE0001271,PR00025055,Process Adjustment,25,0,High
DT00001398,DTE0001272,PR00025098,Changeover,30,1,High
DT00001399,DTE0001272,PR00025099,Changeover,6,1,Low
DT00001400,DTE0001273,PR00025119,Process Adjustment,8,0,Low
DT00001401,DTE0001274,PR00025126,Equipment Failure,22,0,Medium
DT00001402,DTE0001275,PR00025127,Process Adjustment,6,0,Low
DT00001403,DTE0001276,PR00025145,Material Shortage,6,0,Low
DT00001404,DTE0001277,PR00025154,Planned Maintenance,8,1,Low
DT00001405,DTE0001278,PR00025185,Changeover,5,1,Low
DT00001406,DTE0001280,PR00025192,Changeover,28,1,High
DT00001407,DTE0001279,PR00025199,Changeover,9,1,Low
DT00001408,DTE0001281,PR00025226,Equipment Failure,17,0,Medium
DT00001409,DTE0001282,PR00025239,Process Adjustment,13,0,Medium
DT00001410,DTE0001283,PR00025254,Quality Inspection,6,0,Low
DT00001411,DTE0001284,PR00025273,Planned Maintenance,10,1,Medium
DT00001412,DTE0001285,PR00025297,Quality Inspection,5,0,Low
DT00001413,DTE0001286,PR00025385,Equipment Failure,11,0,Medium
DT00001414,DTE0001287,PR00025408,Planned Maintenance,13,1,Medium
DT00001415,DTE0001288,PR00025427,Other,10,0,Medium
DT00001416,DTE0001289,PR00025450,Changeover,30,1,High
DT00001417,DTE0001289,PR00025451,Changeover,4,1,Low
DT00001418,DTE0001291,PR00025463,Changeover,30,1,High
DT00001419,DTE0001291,PR00025464,Changeover,9,1,Low
DT00001420,DTE0001290,PR00025471,Material Shortage,22,0,Medium
DT00001421,DTE0001292,PR00025494,Quality Inspection,23,0,Medium
DT00001422,DTE0001293,PR00025514,Changeover,30,1,High
DT00001423,DTE0001293,PR00025515,Changeover,9,1,Low
DT00001424,DTE0001294,PR00025535,Planned Maintenance,3,1,Low
DT00001425,DTE0001295,PR00025537,Quality Inspection,8,0,Low
DT00001426,DTE0001296,PR00025553,Planned Maintenance,15,1,Medium
DT00001427,DTE0001297,PR00025569,Equipment Failure,15,0,Medium
DT00001428,DTE0001298,PR00025599,Material Shortage,14,0,Medium
DT00001429,DTE0001299,PR00025602,Changeover,8,1,Low
DT00001430,DTE0001300,PR00025673,Material Shortage,21,0,Medium
DT00001431,DTE0001302,PR00025689,Changeover,13,1,Medium
DT00001432,DTE0001301,PR00025691,Material Shortage,15,0,Medium
DT00001433,DTE0001303,PR00025702,Process Adjustment,21,0,Medium
DT00001434,DTE0001304,PR00025742,Changeover,7,1,Low
DT00001435,DTE0001305,PR00025751,Process Adjustment,16,0,Medium
DT00001436,DTE0001306,PR00025767,Process Adjustment,30,0,High
DT00001437,DTE0001306,PR00025768,Process Adjustment,30,0,High
DT00001438,DTE0001306,PR00025769,Process Adjustment,14,0,Medium
DT00001439,DTE0001307,PR00025787,Changeover,11,1,Medium
DT00001440,DTE0001309,PR00025816,Changeover,14,1,Medium
DT00001441,DTE0001308,PR00025820,Equipment Failure,9,0,Low
DT00001442,DTE0001310,PR00025847,Changeover,30,1,High
DT00001443,DTE0001310,PR00025848,Changeover,11,1,Medium
DT00001444,DTE0001311,PR00025859,Process Adjustment,24,0,Medium
DT00001445,DTE0001312,PR00025881,Quality Inspection,10,0,Medium
DT00001446,DTE0001313,PR00025904,Quality Inspection,18,0,Medium
DT00001447,DTE0001314,PR00025910,Process Adjustment,9,0,Low
DT00001448,DTE0001315,PR00025934,Equipment Failure,10,0,Medium
DT00001449,DTE0001316,PR00025939,Changeover,30,1,High
DT00001450,DTE0001316,PR00025940,Changeover,6,1,Low
DT00001451,DTE0001317,PR00026001,Equipment Failure,4,0,Low
DT00001452,DTE0001318,PR00026008,Changeover,23,1,Medium
DT00001453,DTE0001319,PR00026037,Planned Maintenance,12,1,Medium
DT00001454,DTE0001320,PR00026071,Equipment Failure,30,0,High
DT00001455,DTE0001320,PR00026072,Equipment Failure,12,0,Medium
DT00001456,DTE0001321,PR00026086,Process Adjustment,5,0,Low
DT00001457,DTE0001322,PR00026086,Other,10,0,Medium
DT00001458,DTE0001323,PR00026102,Other,9,0,Low
DT00001459,DTE0001324,PR00026122,Process Adjustment,8,0,Low
DT00001460,DTE0001325,PR00026141,Material Shortage,8,0,Low
DT00001461,DTE0001326,PR00026160,Equipment Failure,5,0,Low
DT00001462,DTE0001328,PR00026169,Other,3,0,Low
DT00001463,DTE0001327,PR00026171,Other,16,0,Medium
DT00001464,DTE0001329,PR00026183,Equipment Failure,30,0,High
DT00001465,DTE0001329,PR00026184,Equipment Failure,14,0,Medium
DT00001466,DTE0001330,PR00026223,Planned Maintenance,6,1,Low
DT00001467,DTE0001331,PR00026230,Process Adjustment,6,0,Low
DT00001468,DTE0001332,PR00026264,Changeover,4,1,Low
DT00001469,DTE0001333,PR00026285,Process Adjustment,8,0,Low
DT00001470,DTE0001334,PR00026291,Planned Maintenance,3,1,Low
DT00001471,DTE0001335,PR00026364,Equipment Failure,21,0,Medium
DT00001472,DTE0001337,PR00026395,Equipment Failure,12,0,Medium
DT00001473,DTE0001336,PR00026399,Planned Maintenance,8,1,Low
DT00001474,DTE0001338,PR00026451,Equipment Failure,15,0,Medium
DT00001475,DTE0001339,PR00026491,Changeover,21,1,Medium
DT00001476,DTE0001340,PR00026500,Quality Inspection,6,0,Low
DT00001477,DTE0001341,PR00026520,Process Adjustment,11,0,Medium
DT00001478,DTE0001342,PR00026530,Quality Inspection,3,0,Low
DT00001479,DTE0001343,PR00026574,Equipment Failure,17,0,Medium
DT00001480,DTE0001344,PR00026602,Material Shortage,12,0,Medium
DT00001481,DTE0001345,PR00026630,Changeover,13,1,Medium
DT00001482,DTE0001346,PR00026632,Changeover,24,1,Medium
DT00001483,DTE0001347,PR00026635,Changeover,27,1,High
DT00001484,DTE0001348,PR00026643,Process Adjustment,30,0,High
DT00001485,DTE0001348,PR00026644,Process Adjustment,4,0,Low
DT00001486,DTE0001349,PR00026688,Process Adjustment,8,0,Low
DT00001487,DTE0001350,PR00026695,Planned Maintenance,4,1,Low
DT00001488,DTE0001351,PR00026715,Process Adjustment,13,0,Medium
DT00001489,DTE0001352,PR00026744,Changeover,4,1,Low
DT00001490,DTE0001353,PR00026748,Quality Inspection,21,0,Medium
DT00001491,DTE0001354,PR00026794,Changeover,18,1,Medium
DT00001492,DTE0001355,PR00026808,Equipment Failure,3,0,Low
DT00001493,DTE0001356,PR00026824,Changeover,7,1,Low
DT00001494,DTE0001357,PR00026851,Material Shortage,3,0,Low
DT00001495,DTE0001358,PR00026858,Process Adjustment,19,0,Medium
DT00001496,DTE0001359,PR00026881,Equipment Failure,9,0,Low
DT00001497,DTE0001360,PR00026905,Process Adjustment,9,0,Low
DT00001498,DTE0001361,PR00026910,Process Adjustment,9,0,Low
DT00001499,DTE0001362,PR00026924,Process Adjustment,22,0,Medium
DT00001500,DTE0001364,PR00026936,Quality Inspection,4,0,Low
DT00001501,DTE0001363,PR00026937,Quality Inspection,12,0,Medium
DT00001502,DTE0001366,PR00026961,Other,8,0,Low
DT00001503,DTE0001365,PR00026974,Material Shortage,12,0,Medium
DT00001504,DTE0001367,PR00027008,Changeover,12,1,Medium
DT00001505,DTE0001368,PR00027016,Material Shortage,7,0,Low
DT00001506,DTE0001369,PR00027030,Quality Inspection,5,0,Low
DT00001507,DTE0001371,PR00027057,Equipment Failure,6,0,Low
DT00001508,DTE0001370,PR00027059,Quality Inspection,9,0,Low
DT00001509,DTE0001372,PR00027063,Changeover,16,1,Medium
DT00001510,DTE0001373,PR00027073,Other,6,0,Low
DT00001511,DTE0001374,PR00027091,Process Adjustment,4,0,Low
DT00001512,DTE0001375,PR00027093,Equipment Failure,9,0,Low
DT00001513,DTE0001376,PR00027133,Planned Maintenance,12,1,Medium
DT00001514,DTE0001377,PR00027135,Changeover,16,1,Medium
DT00001515,DTE0001378,PR00027142,Equipment Failure,12,0,Medium
DT00001516,DTE0001379,PR00027173,Equipment Failure,8,0,Low
DT00001517,DTE0001380,PR00027225,Changeover,29,1,High
DT00001518,DTE0001381,PR00027233,Changeover,11,1,Medium
DT00001519,DTE0001382,PR00027239,Changeover,5,1,Low
DT00001520,DTE0001383,PR00027249,Changeover,4,1,Low
DT00001521,DTE0001384,PR00027280,Quality Inspection,12,0,Medium
DT00001522,DTE0001385,PR00027283,Equipment Failure,4,0,Low
DT00001523,DTE0001386,PR00027304,Changeover,24,1,Medium
DT00001524,DTE0001387,PR00027348,Process Adjustment,3,0,Low
DT00001525,DTE0001388,PR00027364,Quality Inspection,26,0,High
DT00001526,DTE0001389,PR00027422,Equipment Failure,3,0,Low
DT00001527,DTE0001390,PR00027438,Material Shortage,9,0,Low
DT00001528,DTE0001391,PR00027485,Planned Maintenance,11,1,Medium
DT00001529,DTE0001392,PR00027515,Material Shortage,4,0,Low
DT00001530,DTE0001393,PR00027515,Changeover,14,1,Medium
DT00001531,DTE0001394,PR00027541,Planned Maintenance,5,1,Low
DT00001532,DTE0001395,PR00027554,Equipment Failure,11,0,Medium
DT00001533,DTE0001396,PR00027592,Process Adjustment,12,0,Medium
DT00001534,DTE0001397,PR00027592,Material Shortage,8,0,Low
DT00001535,DTE0001398,PR00027613,Material Shortage,15,0,Medium
DT00001536,DTE0001399,PR00027657,Equipment Failure,4,0,Low
DT00001537,DTE0001400,PR00027657,Changeover,14,1,Medium
DT00001538,DTE0001401,PR00027670,Material Shortage,12,0,Medium
DT00001539,DTE0001402,PR00027694,Process Adjustment,8,0,Low
DT00001540,DTE0001404,PR00027706,Changeover,21,1,Medium
DT00001541,DTE0001403,PR00027707,Equipment Failure,5,0,Low
DT00001542,DTE0001405,PR00027761,Planned Maintenance,17,1,Medium
DT00001543,DTE0001407,PR00027784,Changeover,30,1,High
DT00001544,DTE0001407,PR00027785,Changeover,5,1,Low
DT00001545,DTE0001406,PR00027792,Changeover,4,1,Low
DT00001546,DTE0001409,PR00027834,Changeover,30,1,High
DT00001547,DTE0001409,PR00027835,Changeover,6,1,Low
DT00001548,DTE0001408,PR00027837,Equipment Failure,30,0,High
DT00001549,DTE0001408,PR00027838,Equipment Failure,3,0,Low
DT00001550,DTE0001411,PR00027879,Changeover,23,1,Medium
DT00001551,DTE0001410,PR00027880,Quality Inspection,3,0,Low
DT00001552,DTE0001412,PR00027937,Quality Inspection,19,0,Medium
DT00001553,DTE0001413,PR00027941,Quality Inspection,7,0,Low
DT00001554,DTE0001414,PR00027946,Changeover,15,1,Medium
DT00001555,DTE0001415,PR00027955,Other,30,0,High
DT00001556,DTE0001415,PR00027956,Other,1,0,Low
DT00001557,DTE0001416,PR00027983,Material Shortage,11,0,Medium
DT00001558,DTE0001417,PR00027985,Equipment Failure,7,0,Low
DT00001559,DTE0001418,PR00028014,Quality Inspection,9,0,Low
DT00001560,DTE0001419,PR00028034,Planned Maintenance,16,1,Medium
DT00001561,DTE0001420,PR00028051,Equipment Failure,22,0,Medium
DT00001562,DTE0001421,PR00028087,Changeover,7,1,Low
DT00001563,DTE0001422,PR00028090,Changeover,30,1,High
DT00001564,DTE0001422,PR00028091,Changeover,4,1,Low
DT00001565,DTE0001423,PR00028103,Equipment Failure,6,0,Low
DT00001566,DTE0001424,PR00028119,Equipment Failure,12,0,Medium
DT00001567,DTE0001425,PR00028139,Changeover,12,1,Medium
DT00001568,DTE0001426,PR00028141,Quality Inspection,8,0,Low
DT00001569,DTE0001427,PR00028170,Changeover,12,1,Medium
DT00001570,DTE0001428,PR00028206,Process Adjustment,7,0,Low
DT00001571,DTE0001429,PR00028242,Equipment Failure,14,0,Medium
DT00001572,DTE0001430,PR00028265,Changeover,30,1,High
DT00001573,DTE0001430,PR00028266,Changeover,6,1,Low
DT00001574,DTE0001431,PR00028296,Changeover,11,1,Medium
DT00001575,DTE0001432,PR00028312,Changeover,5,1,Low
DT00001576,DTE0001434,PR00028321,Quality Inspection,6,0,Low
DT00001577,DTE0001433,PR00028322,Planned Maintenance,13,1,Medium
DT00001578,DTE0001435,PR00028344,Changeover,4,1,Low
DT00001579,DTE0001436,PR00028346,Changeover,12,1,Medium
DT00001580,DTE0001437,PR00028388,Planned Maintenance,13,1,Medium
DT00001581,DTE0001439,PR00028423,Changeover,15,1,Medium
DT00001582,DTE0001438,PR00028427,Equipment Failure,10,0,Medium
DT00001583,DTE0001440,PR00028464,Equipment Failure,17,0,Medium
DT00001584,DTE0001441,PR00028480,Process Adjustment,20,0,Medium
DT00001585,DTE0001442,PR00028493,Quality Inspection,15,0,Medium
DT00001586,DTE0001443,PR00028533,Other,4,0,Low
DT00001587,DTE0001444,PR00028555,Material Shortage,7,0,Low
DT00001588,DTE0001445,PR00028566,Material Shortage,3,0,Low
DT00001589,DTE0001447,PR00028588,Quality Inspection,8,0,Low
DT00001590,DTE0001446,PR00028592,Equipment Failure,14,0,Medium
DT00001591,DTE0001448,PR00028594,Process Adjustment,16,0,Medium
DT00001592,DTE0001449,PR00028608,Quality Inspection,29,0,High
DT00001593,DTE0001450,PR00028629,Quality Inspection,5,0,Low
DT00001594,DTE0001451,PR00028644,Quality Inspection,3,0,Low
DT00001595,DTE0001452,PR00028659,Planned Maintenance,30,1,High
DT00001596,DTE0001452,PR00028660,Planned Maintenance,4,1,Low
DT00001597,DTE0001453,PR00028674,Other,9,0,Low
DT00001598,DTE0001454,PR00028719,Changeover,8,1,Low
DT00001599,DTE0001455,PR00028728,Process Adjustment,3,0,Low
DT00001600,DTE0001456,PR00028742,Equipment Failure,12,0,Medium
DT00001601,DTE0001457,PR00028764,Material Shortage,10,0,Medium
DT00001602,DTE0001458,PR00028822,Material Shortage,11,0,Medium
DT00001603,DTE0001459,PR00028839,Equipment Failure,16,0,Medium
DT00001604,DTE0001460,PR00028875,Changeover,23,1,Medium
DT00001605,DTE0001462,PR00028936,Changeover,16,1,Medium
DT00001606,DTE0001461,PR00028941,Process Adjustment,6,0,Low
DT00001607,DTE0001463,PR00028996,Changeover,15,1,Medium
DT00001608,DTE0001464,PR00029010,Process Adjustment,14,0,Medium
DT00001609,DTE0001466,PR00029037,Quality Inspection,5,0,Low
DT00001610,DTE0001465,PR00029040,Quality Inspection,4,0,Low
DT00001611,DTE0001467,PR00029047,Changeover,14,1,Medium
DT00001612,DTE0001468,PR00029066,Changeover,19,1,Medium
DT00001613,DTE0001469,PR00029075,Process Adjustment,18,0,Medium
DT00001614,DTE0001470,PR00029102,Quality Inspection,5,0,Low
DT00001615,DTE0001471,PR00029122,Process Adjustment,20,0,Medium
DT00001616,DTE0001472,PR00029135,Material Shortage,4,0,Low
DT00001617,DTE0001473,PR00029146,Material Shortage,10,0,Medium
DT00001618,DTE0001474,PR00029146,Changeover,20,1,Medium
DT00001619,DTE0001476,PR00029177,Changeover,14,1,Medium
DT00001620,DTE0001475,PR00029184,Changeover,26,1,High
DT00001621,DTE0001477,PR00029190,Equipment Failure,6,0,Low
DT00001622,DTE0001478,PR00029203,Process Adjustment,30,0,High
DT00001623,DTE0001478,PR00029204,Process Adjustment,10,0,Medium
DT00001624,DTE0001479,PR00029224,Other,3,0,Low
DT00001625,DTE0001480,PR00029243,Quality Inspection,10,0,Medium
DT00001626,DTE0001481,PR00029256,Process Adjustment,6,0,Low
DT00001627,DTE0001482,PR00029270,Planned Maintenance,13,1,Medium
DT00001628,DTE0001483,PR00029294,Quality Inspection,8,0,Low
DT00001629,DTE0001484,PR00029305,Material Shortage,11,0,Medium
DT00001630,DTE0001485,PR00029333,Planned Maintenance,15,1,Medium
DT00001631,DTE0001487,PR00029356,Process Adjustment,8,0,Low
DT00001632,DTE0001486,PR00029360,Changeover,4,1,Low
DT00001633,DTE0001488,PR00029366,Material Shortage,14,0,Medium
DT00001634,DTE0001489,PR00029393,Process Adjustment,4,0,Low
DT00001635,DTE0001490,PR00029421,Planned Maintenance,5,1,Low
DT00001636,DTE0001491,PR00029444,Quality Inspection,6,0,Low
DT00001637,DTE0001492,PR00029465,Changeover,24,1,Medium
DT00001638,DTE0001493,PR00029498,Equipment Failure,8,0,Low
DT00001639,DTE0001495,PR00029515,Changeover,30,1,High
DT00001640,DTE0001495,PR00029516,Changeover,1,1,Low
DT00001641,DTE0001494,PR00029518,Equipment Failure,4,0,Low
DT00001642,DTE0001496,PR00029529,Planned Maintenance,6,1,Low
DT00001643,DTE0001497,PR00029562,Material Shortage,6,0,Low
DT00001644,DTE0001499,PR00029575,Material Shortage,24,0,Medium
DT00001645,DTE0001498,PR00029579,Equipment Failure,3,0,Low
DT00001646,DTE0001500,PR00029597,Equipment Failure,7,0,Low
DT00001647,DTE0001501,PR00029610,Process Adjustment,30,0,High
DT00001648,DTE0001502,PR00029618,Other,30,0,High
DT00001649,DTE0001502,PR00029619,Other,11,0,Medium
DT00001650,DTE0001503,PR00029648,Equipment Failure,6,0,Low
DT00001651,DTE0001504,PR00029671,Other,7,0,Low
DT00001652,DTE0001505,PR00029701,Planned Maintenance,30,1,High
DT00001653,DTE0001505,PR00029702,Planned Maintenance,5,1,Low
DT00001654,DTE0001507,PR00029719,Changeover,17,1,Medium
DT00001655,DTE0001506,PR00029727,Planned Maintenance,12,1,Medium
DT00001656,DTE0001508,PR00029731,Process Adjustment,5,0,Low
DT00001657,DTE0001509,PR00029735,Changeover,17,1,Medium
DT00001658,DTE0001510,PR00029757,Changeover,3,1,Low
DT00001659,DTE0001511,PR00029815,Equipment Failure,19,0,Medium
DT00001660,DTE0001512,PR00029828,Equipment Failure,29,0,High
DT00001661,DTE0001513,PR00029847,Planned Maintenance,7,1,Low
DT00001662,DTE0001514,PR00029858,Material Shortage,5,0,Low
DT00001663,DTE0001515,PR00029884,Process Adjustment,10,0,Medium
DT00001664,DTE0001516,PR00029890,Process Adjustment,4,0,Low
DT00001665,DTE0001517,PR00029916,Planned Maintenance,13,1,Medium
DT00001666,DTE0001518,PR00029935,Equipment Failure,11,0,Medium
DT00001667,DTE0001519,PR00029967,Equipment Failure,8,0,Low
DT00001668,DTE0001520,PR00029992,Material Shortage,5,0,Low
DT00001669,DTE0001521,PR00030004,Quality Inspection,7,0,Low
DT00001670,DTE0001522,PR00030020,Equipment Failure,29,0,High
DT00001671,DTE0001523,PR00030037,Planned Maintenance,12,1,Medium
DT00001672,DTE0001524,PR00030097,Planned Maintenance,12,1,Medium
DT00001673,DTE0001525,PR00030121,Material Shortage,7,0,Low
DT00001674,DTE0001526,PR00030122,Changeover,28,1,High
DT00001675,DTE0001528,PR00030139,Changeover,9,1,Low
DT00001676,DTE0001527,PR00030141,Changeover,18,1,Medium
DT00001677,DTE0001529,PR00030159,Quality Inspection,5,0,Low
DT00001678,DTE0001530,PR00030159,Material Shortage,15,0,Medium
DT00001679,DTE0001531,PR00030205,Material Shortage,12,0,Medium
DT00001680,DTE0001532,PR00030212,Changeover,23,1,Medium
DT00001681,DTE0001533,PR00030251,Changeover,30,1,High
DT00001682,DTE0001533,PR00030252,Changeover,30,1,High
DT00001683,DTE0001533,PR00030253,Changeover,28,1,High
DT00001684,DTE0001534,PR00030277,Changeover,3,1,Low
DT00001685,DTE0001535,PR00030301,Equipment Failure,3,0,Low
DT00001686,DTE0001536,PR00030306,Equipment Failure,28,0,High
DT00001687,DTE0001537,PR00030327,Equipment Failure,5,0,Low
DT00001688,DTE0001539,PR00030344,Changeover,28,1,High
DT00001689,DTE0001538,PR00030351,Changeover,10,1,Medium
DT00001690,DTE0001540,PR00030367,Changeover,12,1,Medium
DT00001691,DTE0001541,PR00030405,Changeover,20,1,Medium
DT00001692,DTE0001542,PR00030420,Quality Inspection,10,0,Medium
DT00001693,DTE0001544,PR00030443,Equipment Failure,16,0,Medium
DT00001694,DTE0001543,PR00030445,Equipment Failure,12,0,Medium
DT00001695,DTE0001545,PR00030459,Changeover,18,1,Medium
DT00001696,DTE0001546,PR00030507,Changeover,30,1,High
DT00001697,DTE0001547,PR00030516,Equipment Failure,4,0,Low
DT00001698,DTE0001548,PR00030549,Quality Inspection,3,0,Low
DT00001699,DTE0001549,PR00030563,Process Adjustment,13,0,Medium
DT00001700,DTE0001550,PR00030578,Process Adjustment,10,0,Medium
DT00001701,DTE0001551,PR00030593,Equipment Failure,11,0,Medium
DT00001702,DTE0001552,PR00030615,Changeover,14,1,Medium
DT00001703,DTE0001553,PR00030638,Material Shortage,8,0,Low
DT00001704,DTE0001554,PR00030648,Equipment Failure,15,0,Medium
DT00001705,DTE0001555,PR00030648,Changeover,15,1,Medium
DT00001706,DTE0001555,PR00030649,Changeover,9,1,Low
DT00001707,DTE0001556,PR00030664,Changeover,21,1,Medium
DT00001708,DTE0001557,PR00030683,Material Shortage,11,0,Medium
DT00001709,DTE0001558,PR00030699,Changeover,16,1,Medium
DT00001710,DTE0001559,PR00030707,Quality Inspection,4,0,Low
DT00001711,DTE0001560,PR00030731,Changeover,30,1,High
DT00001712,DTE0001560,PR00030732,Changeover,7,1,Low
DT00001713,DTE0001561,PR00030762,Quality Inspection,18,0,Medium
DT00001714,DTE0001562,PR00030797,Material Shortage,16,0,Medium
DT00001715,DTE0001564,PR00030839,Changeover,29,1,High
DT00001716,DTE0001563,PR00030842,Quality Inspection,10,0,Medium
DT00001717,DTE0001565,PR00030864,Equipment Failure,3,0,Low
DT00001718,DTE0001566,PR00030892,Material Shortage,9,0,Low
DT00001719,DTE0001567,PR00030899,Planned Maintenance,12,1,Medium
DT00001720,DTE0001568,PR00030903,Changeover,21,1,Medium
DT00001721,DTE0001569,PR00030916,Changeover,3,1,Low
DT00001722,DTE0001570,PR00030921,Changeover,23,1,Medium
DT00001723,DTE0001571,PR00030938,Changeover,3,1,Low
DT00001724,DTE0001572,PR00030939,Changeover,14,1,Medium
DT00001725,DTE0001573,PR00030969,Process Adjustment,3,0,Low
DT00001726,DTE0001574,PR00031006,Quality Inspection,30,0,High
DT00001727,DTE0001575,PR00031013,Process Adjustment,8,0,Low
DT00001728,DTE0001576,PR00031015,Process Adjustment,5,0,Low
DT00001729,DTE0001577,PR00031038,Equipment Failure,5,0,Low
DT00001730,DTE0001578,PR00031039,Material Shortage,8,0,Low
DT00001731,DTE0001579,PR00031062,Quality Inspection,3,0,Low
DT00001732,DTE0001580,PR00031076,Quality Inspection,3,0,Low
DT00001733,DTE0001581,PR00031091,Other,14,0,Medium
DT00001734,DTE0001582,PR00031120,Material Shortage,7,0,Low
DT00001735,DTE0001583,PR00031129,Process Adjustment,8,0,Low
DT00001736,DTE0001584,PR00031160,Material Shortage,10,0,Medium
DT00001737,DTE0001585,PR00031160,Changeover,20,1,Medium
DT00001738,DTE0001585,PR00031161,Changeover,8,1,Low
DT00001739,DTE0001587,PR00031169,Quality Inspection,8,0,Low
DT00001740,DTE0001586,PR00031176,Other,11,0,Medium
DT00001741,DTE0001588,PR00031191,Process Adjustment,9,0,Low
DT00001742,DTE0001590,PR00031233,Equipment Failure,30,0,High
DT00001743,DTE0001590,PR00031234,Equipment Failure,13,0,Medium
DT00001744,DTE0001589,PR00031241,Changeover,30,1,High
DT00001745,DTE0001589,PR00031242,Changeover,2,1,Low
DT00001746,DTE0001591,PR00031262,Process Adjustment,3,0,Low
DT00001747,DTE0001592,PR00031302,Process Adjustment,8,0,Low
DT00001748,DTE0001593,PR00031326,Equipment Failure,30,0,High
DT00001749,DTE0001593,PR00031327,Equipment Failure,6,0,Low
DT00001750,DTE0001594,PR00031412,Changeover,6,1,Low
DT00001751,DTE0001595,PR00031434,Changeover,30,1,High
DT00001752,DTE0001595,PR00031435,Changeover,4,1,Low
DT00001753,DTE0001596,PR00031468,Changeover,3,1,Low
DT00001754,DTE0001597,PR00031535,Equipment Failure,24,0,Medium
DT00001755,DTE0001598,PR00031565,Changeover,9,1,Low
DT00001756,DTE0001599,PR00031570,Process Adjustment,9,0,Low
DT00001757,DTE0001600,PR00031600,Changeover,27,1,High
DT00001758,DTE0001601,PR00031608,Equipment Failure,13,0,Medium
DT00001759,DTE0001602,PR00031628,Material Shortage,30,0,High
DT00001760,DTE0001603,PR00031655,Equipment Failure,25,0,High
DT00001761,DTE0001604,PR00031688,Equipment Failure,3,0,Low
DT00001762,DTE0001605,PR00031700,Process Adjustment,9,0,Low
DT00001763,DTE0001606,PR00031721,Equipment Failure,11,0,Medium
DT00001764,DTE0001607,PR00031733,Material Shortage,5,0,Low
DT00001765,DTE0001608,PR00031758,Other,7,0,Low
DT00001766,DTE0001609,PR00031768,Process Adjustment,7,0,Low
DT00001767,DTE0001610,PR00031800,Material Shortage,4,0,Low
DT00001768,DTE0001612,PR00031823,Changeover,10,1,Medium
DT00001769,DTE0001611,PR00031824,Changeover,14,1,Medium
DT00001770,DTE0001613,PR00031831,Quality Inspection,8,0,Low
DT00001771,DTE0001614,PR00031858,Equipment Failure,5,0,Low
DT00001772,DTE0001615,PR00031861,Quality Inspection,13,0,Medium
DT00001773,DTE0001616,PR00031900,Changeover,11,1,Medium
DT00001774,DTE0001617,PR00031904,Equipment Failure,30,0,High
DT00001775,DTE0001618,PR00031921,Planned Maintenance,9,1,Low
DT00001776,DTE0001619,PR00031930,Changeover,30,1,High
DT00001777,DTE0001619,PR00031931,Changeover,7,1,Low
DT00001778,DTE0001620,PR00031957,Quality Inspection,5,0,Low
DT00001779,DTE0001621,PR00031973,Changeover,27,1,High
DT00001780,DTE0001622,PR00032000,Material Shortage,7,0,Low
DT00001781,DTE0001623,PR00032012,Other,12,0,Medium
DT00001782,DTE0001625,PR00032042,Changeover,29,1,High
DT00001783,DTE0001624,PR00032045,Changeover,21,1,Medium
DT00001784,DTE0001626,PR00032049,Changeover,5,1,Low
DT00001785,DTE0001627,PR00032058,Changeover,24,1,Medium
DT00001786,DTE0001628,PR00032072,Changeover,12,1,Medium
DT00001787,DTE0001629,PR00032090,Material Shortage,6,0,Low
DT00001788,DTE0001630,PR00032103,Equipment Failure,27,0,High
DT00001789,DTE0001631,PR00032139,Changeover,24,1,Medium
DT00001790,DTE0001633,PR00032180,Material Shortage,20,0,Medium
DT00001791,DTE0001632,PR00032187,Planned Maintenance,7,1,Low
DT00001792,DTE0001634,PR00032203,Equipment Failure,18,0,Medium
DT00001793,DTE0001635,PR00032215,Changeover,11,1,Medium
DT00001794,DTE0001636,PR00032225,Material Shortage,12,0,Medium
DT00001795,DTE0001637,PR00032262,Material Shortage,5,0,Low
DT00001796,DTE0001638,PR00032267,Changeover,30,1,High
DT00001797,DTE0001638,PR00032268,Changeover,4,1,Low
DT00001798,DTE0001640,PR00032274,Changeover,3,1,Low
DT00001799,DTE0001639,PR00032275,Planned Maintenance,5,1,Low
DT00001800,DTE0001641,PR00032292,Changeover,3,1,Low
DT00001801,DTE0001642,PR00032295,Changeover,30,1,High
DT00001802,DTE0001642,PR00032296,Changeover,5,1,Low
DT00001803,DTE0001643,PR00032313,Planned Maintenance,4,1,Low
DT00001804,DTE0001644,PR00032315,Process Adjustment,20,0,Medium
DT00001805,DTE0001645,PR00032323,Changeover,6,1,Low
DT00001806,DTE0001646,PR00032346,Changeover,5,1,Low
DT00001807,DTE0001647,PR00032358,Planned Maintenance,7,1,Low
DT00001808,DTE0001648,PR00032373,Quality Inspection,8,0,Low
DT00001809,DTE0001649,PR00032392,Material Shortage,4,0,Low
DT00001810,DTE0001650,PR00032462,Planned Maintenance,28,1,High
DT00001811,DTE0001651,PR00032467,Process Adjustment,6,0,Low
DT00001812,DTE0001653,PR00032485,Process Adjustment,14,0,Medium
DT00001813,DTE0001652,PR00032493,Other,6,0,Low
DT00001814,DTE0001654,PR00032509,Material Shortage,15,0,Medium
DT00001815,DTE0001655,PR00032518,Process Adjustment,26,0,High
DT00001816,DTE0001656,PR00032520,Changeover,4,1,Low
DT00001817,DTE0001657,PR00032543,Equipment Failure,30,0,High
DT00001818,DTE0001657,PR00032544,Equipment Failure,2,0,Low
DT00001819,DTE0001658,PR00032545,Planned Maintenance,16,1,Medium
DT00001820,DTE0001659,PR00032562,Process Adjustment,11,0,Medium
DT00001821,DTE0001660,PR00032611,Changeover,6,1,Low
DT00001822,DTE0001661,PR00032660,Quality Inspection,8,0,Low
DT00001823,DTE0001662,PR00032667,Changeover,18,1,Medium
DT00001824,DTE0001663,PR00032678,Quality Inspection,13,0,Medium
DT00001825,DTE0001664,PR00032710,Equipment Failure,10,0,Medium
DT00001826,DTE0001665,PR00032722,Changeover,6,1,Low
DT00001827,DTE0001666,PR00032767,Planned Maintenance,5,1,Low
DT00001828,DTE0001667,PR00032769,Process Adjustment,12,0,Medium
DT00001829,DTE0001668,PR00032824,Process Adjustment,30,0,High
DT00001830,DTE0001668,PR00032825,Process Adjustment,10,0,Medium
DT00001831,DTE0001669,PR00032825,Changeover,20,1,Medium
DT00001832,DTE0001669,PR00032826,Changeover,7,1,Low
DT00001833,DTE0001670,PR00032858,Process Adjustment,30,0,High
DT00001834,DTE0001670,PR00032859,Process Adjustment,30,0,High
DT00001835,DTE0001670,PR00032860,Process Adjustment,11,0,Medium
DT00001836,DTE0001671,PR00032870,Planned Maintenance,10,1,Medium
DT00001837,DTE0001672,PR00032893,Process Adjustment,6,0,Low
DT00001838,DTE0001674,PR00032901,Material Shortage,23,0,Medium
DT00001839,DTE0001673,PR00032910,Changeover,10,1,Medium
DT00001840,DTE0001675,PR00032940,Process Adjustment,15,0,Medium
DT00001841,DTE0001676,PR00032955,Process Adjustment,15,0,Medium
DT00001842,DTE0001677,PR00032969,Equipment Failure,13,0,Medium
DT00001843,DTE0001678,PR00032987,Equipment Failure,3,0,Low
DT00001844,DTE0001679,PR00033000,Process Adjustment,11,0,Medium
DT00001845,DTE0001680,PR00033013,Planned Maintenance,13,1,Medium
DT00001846,DTE0001681,PR00033079,Quality Inspection,27,0,High
DT00001847,DTE0001683,PR00033110,Material Shortage,6,0,Low
DT00001848,DTE0001682,PR00033111,Equipment Failure,15,0,Medium
DT00001849,DTE0001684,PR00033143,Planned Maintenance,10,1,Medium
DT00001850,DTE0001685,PR00033149,Material Shortage,10,0,Medium
DT00001851,DTE0001687,PR00033174,Changeover,7,1,Low
DT00001852,DTE0001686,PR00033175,Equipment Failure,4,0,Low
DT00001853,DTE0001688,PR00033228,Equipment Failure,5,0,Low
DT00001854,DTE0001689,PR00033239,Process Adjustment,12,0,Medium
DT00001855,DTE0001690,PR00033262,Quality Inspection,3,0,Low
DT00001856,DTE0001691,PR00033296,Equipment Failure,6,0,Low
DT00001857,DTE0001693,PR00033298,Material Shortage,11,0,Medium
DT00001858,DTE0001692,PR00033309,Material Shortage,8,0,Low
DT00001859,DTE0001694,PR00033322,Changeover,30,1,High
DT00001860,DTE0001694,PR00033323,Changeover,1,1,Low
DT00001861,DTE0001695,PR00033343,Process Adjustment,11,0,Medium
DT00001862,DTE0001696,PR00033359,Equipment Failure,8,0,Low
DT00001863,DTE0001697,PR00033368,Equipment Failure,4,0,Low
DT00001864,DTE0001698,PR00033371,Changeover,30,1,High
DT00001865,DTE0001698,PR00033372,Changeover,8,1,Low
DT00001866,DTE0001699,PR00033387,Changeover,19,1,Medium
DT00001867,DTE0001700,PR00033400,Changeover,3,1,Low
DT00001868,DTE0001701,PR00033414,Changeover,7,1,Low
DT00001869,DTE0001702,PR00033418,Changeover,30,1,High
DT00001870,DTE0001702,PR00033419,Changeover,10,1,Medium
DT00001871,DTE0001703,PR00033455,Quality Inspection,5,0,Low
DT00001872,DTE0001706,PR00033482,Changeover,21,1,Medium
DT00001873,DTE0001704,PR00033485,Process Adjustment,6,0,Low
DT00001874,DTE0001705,PR00033487,Changeover,30,1,High
DT00001875,DTE0001705,PR00033488,Changeover,1,1,Low
DT00001876,DTE0001707,PR00033491,Equipment Failure,21,0,Medium
DT00001877,DTE0001709,PR00033510,Process Adjustment,14,0,Medium
DT00001878,DTE0001708,PR00033518,Planned Maintenance,15,1,Medium
DT00001879,DTE0001710,PR00033527,Material Shortage,3,0,Low
DT00001880,DTE0001711,PR00033538,Process Adjustment,22,0,Medium
DT00001881,DTE0001713,PR00033565,Process Adjustment,10,0,Medium
DT00001882,DTE0001712,PR00033566,Changeover,16,1,Medium
DT00001883,DTE0001714,PR00033599,Planned Maintenance,16,1,Medium
DT00001884,DTE0001715,PR00033617,Quality Inspection,3,0,Low
DT00001885,DTE0001716,PR00033657,Planned Maintenance,6,1,Low
DT00001886,DTE0001717,PR00033670,Process Adjustment,24,0,Medium
DT00001887,DTE0001718,PR00033721,Quality Inspection,21,0,Medium
DT00001888,DTE0001719,PR00033759,Other,7,0,Low
DT00001889,DTE0001720,PR00033776,Equipment Failure,8,0,Low
DT00001890,DTE0001721,PR00033780,Quality Inspection,7,0,Low
DT00001891,DTE0001722,PR00033800,Quality Inspection,26,0,High
DT00001892,DTE0001724,PR00033811,Material Shortage,14,0,Medium
DT00001893,DTE0001723,PR00033822,Changeover,18,1,Medium
DT00001894,DTE0001725,PR00033828,Changeover,7,1,Low
DT00001895,DTE0001727,PR00033850,Equipment Failure,30,0,High
DT00001896,DTE0001726,PR00033851,Quality Inspection,5,0,Low
DT00001897,DTE0001727,PR00033851,Equipment Failure,5,0,Low
DT00001898,DTE0001728,PR00033888,Material Shortage,19,0,Medium
DT00001899,DTE0001729,PR00033904,Material Shortage,11,0,Medium
DT00001900,DTE0001730,PR00033915,Planned Maintenance,18,1,Medium
DT00001901,DTE0001731,PR00033928,Material Shortage,5,0,Low
DT00001902,DTE0001732,PR00033943,Changeover,30,1,High
DT00001903,DTE0001732,PR00033944,Changeover,6,1,Low
DT00001904,DTE0001733,PR00033955,Process Adjustment,9,0,Low
DT00001905,DTE0001734,PR00033963,Changeover,22,1,Medium
DT00001906,DTE0001735,PR00033973,Equipment Failure,3,0,Low
DT00001907,DTE0001736,PR00033991,Planned Maintenance,4,1,Low
DT00001908,DTE0001737,PR00034044,Quality Inspection,6,0,Low
DT00001909,DTE0001738,PR00034053,Process Adjustment,5,0,Low
DT00001910,DTE0001739,PR00034056,Changeover,25,1,High
DT00001911,DTE0001740,PR00034075,Changeover,3,1,Low
DT00001912,DTE0001741,PR00034092,Other,7,0,Low
DT00001913,DTE0001742,PR00034117,Quality Inspection,4,0,Low
DT00001914,DTE0001743,PR00034206,Changeover,12,1,Medium
DT00001915,DTE0001744,PR00034213,Equipment Failure,3,0,Low
DT00001916,DTE0001745,PR00034274,Process Adjustment,10,0,Medium
DT00001917,DTE0001746,PR00034315,Planned Maintenance,11,1,Medium
DT00001918,DTE0001748,PR00034361,Changeover,26,1,High
DT00001919,DTE0001747,PR00034363,Changeover,29,1,High
DT00001920,DTE0001749,PR00034373,Process Adjustment,3,0,Low
DT00001921,DTE0001750,PR00034408,Quality Inspection,13,0,Medium
DT00001922,DTE0001751,PR00034425,Material Shortage,6,0,Low
DT00001923,DTE0001752,PR00034433,Equipment Failure,6,0,Low
DT00001924,DTE0001753,PR00034455,Material Shortage,15,0,Medium
DT00001925,DTE0001754,PR00034480,Changeover,5,1,Low
DT00001926,DTE0001755,PR00034492,Material Shortage,28,0,High
DT00001927,DTE0001756,PR00034515,Changeover,7,1,Low
DT00001928,DTE0001757,PR00034539,Planned Maintenance,13,1,Medium
DT00001929,DTE0001758,PR00034554,Process Adjustment,9,0,Low
DT00001930,DTE0001759,PR00034604,Material Shortage,17,0,Medium
DT00001931,DTE0001760,PR00034605,Changeover,22,1,Medium
DT00001932,DTE0001762,PR00034618,Changeover,24,1,Medium
DT00001933,DTE0001761,PR00034620,Changeover,7,1,Low
DT00001934,DTE0001764,PR00034632,Changeover,16,1,Medium
DT00001935,DTE0001763,PR00034639,Quality Inspection,3,0,Low
DT00001936,DTE0001765,PR00034644,Process Adjustment,14,0,Medium
DT00001937,DTE0001766,PR00034663,Material Shortage,11,0,Medium
DT00001938,DTE0001767,PR00034674,Quality Inspection,3,0,Low
DT00001939,DTE0001768,PR00034714,Material Shortage,15,0,Medium
DT00001940,DTE0001769,PR00034759,Planned Maintenance,5,1,Low
DT00001941,DTE0001770,PR00034771,Changeover,18,1,Medium
DT00001942,DTE0001771,PR00034791,Equipment Failure,11,0,Medium
DT00001943,DTE0001772,PR00034825,Changeover,4,1,Low
DT00001944,DTE0001773,PR00034842,Changeover,23,1,Medium
DT00001945,DTE0001774,PR00034874,Changeover,26,1,High
DT00001946,DTE0001775,PR00034892,Changeover,8,1,Low
DT00001947,DTE0001776,PR00034904,Process Adjustment,15,0,Medium
DT00001948,DTE0001777,PR00034933,Process Adjustment,14,0,Medium
DT00001949,DTE0001778,PR00034966,Equipment Failure,8,0,Low
DT00001950,DTE0001779,PR00034978,Other,11,0,Medium
DT00001951,DTE0001780,PR00035002,Process Adjustment,6,0,Low
DT00001952,DTE0001781,PR00035072,Equipment Failure,6,0,Low
DT00001953,DTE0001782,PR00035092,Quality Inspection,11,0,Medium
DT00001954,DTE0001784,PR00035114,Changeover,30,1,High
DT00001955,DTE0001784,PR00035115,Changeover,5,1,Low
DT00001956,DTE0001783,PR00035119,Planned Maintenance,7,1,Low
DT00001957,DTE0001785,PR00035155,Equipment Failure,26,0,High
DT00001958,DTE0001786,PR00035180,Quality Inspection,6,0,Low
DT00001959,DTE0001787,PR00035196,Equipment Failure,15,0,Medium
DT00001960,DTE0001788,PR00035207,Equipment Failure,19,0,Medium
DT00001961,DTE0001789,PR00035218,Quality Inspection,7,0,Low
DT00001962,DTE0001790,PR00035223,Material Shortage,8,0,Low
DT00001963,DTE0001791,PR00035235,Planned Maintenance,18,1,Medium
DT00001964,DTE0001793,PR00035288,Changeover,18,1,Medium
DT00001965,DTE0001792,PR00035291,Material Shortage,4,0,Low
DT00001966,DTE0001794,PR00035303,Changeover,7,1,Low
DT00001967,DTE0001796,PR00035313,Process Adjustment,10,0,Medium
DT00001968,DTE0001795,PR00035316,Changeover,30,1,High
DT00001969,DTE0001795,PR00035317,Changeover,26,1,High
DT00001970,DTE0001797,PR00035347,Quality Inspection,12,0,Medium
DT00001971,DTE0001798,PR00035379,Planned Maintenance,5,1,Low
DT00001972,DTE0001799,PR00035453,Material Shortage,20,0,Medium
DT00001973,DTE0001800,PR00035463,Changeover,29,1,High
DT00001974,DTE0001801,PR00035477,Equipment Failure,15,0,Medium
DT00001975,DTE0001802,PR00035531,Process Adjustment,9,0,Low
DT00001976,DTE0001803,PR00035543,Process Adjustment,7,0,Low
DT00001977,DTE0001804,PR00035565,Changeover,12,1,Medium
DT00001978,DTE0001806,PR00035578,Changeover,18,1,Medium
DT00001979,DTE0001805,PR00035584,Quality Inspection,5,0,Low
DT00001980,DTE0001807,PR00035593,Equipment Failure,7,0,Low
DT00001981,DTE0001808,PR00035644,Equipment Failure,17,0,Medium
DT00001982,DTE0001809,PR00035679,Quality Inspection,9,0,Low
DT00001983,DTE0001810,PR00035684,Changeover,7,1,Low
DT00001984,DTE0001811,PR00035715,Changeover,7,1,Low
DT00001985,DTE0001812,PR00035741,Process Adjustment,6,0,Low
DT00001986,DTE0001813,PR00035742,Other,15,0,Medium
DT00001987,DTE0001814,PR00035747,Equipment Failure,5,0,Low
DT00001988,DTE0001815,PR00035785,Changeover,18,1,Medium
DT00001989,DTE0001816,PR00035802,Changeover,11,1,Medium
DT00001990,DTE0001817,PR00035813,Changeover,9,1,Low
DT00001991,DTE0001818,PR00035817,Changeover,22,1,Medium
DT00001992,DTE0001819,PR00035833,Quality Inspection,12,0,Medium
DT00001993,DTE0001821,PR00035897,Changeover,17,1,Medium
DT00001994,DTE0001820,PR00035903,Equipment Failure,6,0,Low
DT00001995,DTE0001822,PR00035906,Material Shortage,12,0,Medium
DT00001996,DTE0001824,PR00035958,Equipment Failure,16,0,Medium
DT00001997,DTE0001823,PR00035963,Planned Maintenance,30,1,High
DT00001998,DTE0001825,PR00035974,Material Shortage,7,0,Low
DT00001999,DTE0001826,PR00035999,Equipment Failure,3,0,Low
DT00002000,DTE0001827,PR00036002,Changeover,16,1,Medium
DT00002001,DTE0001828,PR00036027,Equipment Failure,3,0,Low
DT00002002,DTE0001829,PR00036039,Planned Maintenance,30,1,High
DT00002003,DTE0001830,PR00036058,Changeover,7,1,Low
DT00002004,DTE0001831,PR00036062,Changeover,19,1,Medium
DT00002005,DTE0001833,PR00036075,Changeover,30,1,High
DT00002006,DTE0001833,PR00036076,Changeover,1,1,Low
DT00002007,DTE0001832,PR00036080,Changeover,11,1,Medium
DT00002008,DTE0001834,PR00036089,Equipment Failure,15,0,Medium
DT00002009,DTE0001835,PR00036109,Equipment Failure,4,0,Low
DT00002010,DTE0001836,PR00036115,Process Adjustment,16,0,Medium
DT00002011,DTE0001837,PR00036153,Quality Inspection,9,0,Low
DT00002012,DTE0001838,PR00036185,Equipment Failure,3,0,Low
DT00002013,DTE0001840,PR00036200,Quality Inspection,5,0,Low
DT00002014,DTE0001839,PR00036205,Quality Inspection,8,0,Low
DT00002015,DTE0001841,PR00036213,Equipment Failure,3,0,Low
DT00002016,DTE0001842,PR00036237,Process Adjustment,7,0,Low
DT00002017,DTE0001843,PR00036254,Planned Maintenance,30,1,High
DT00002018,DTE0001843,PR00036255,Planned Maintenance,3,1,Low
DT00002019,DTE0001844,PR00036268,Planned Maintenance,14,1,Medium
DT00002020,DTE0001845,PR00036287,Material Shortage,8,0,Low
DT00002021,DTE0001846,PR00036304,Changeover,14,1,Medium
DT00002022,DTE0001848,PR00036327,Changeover,23,1,Medium
DT00002023,DTE0001847,PR00036331,Changeover,7,1,Low
DT00002024,DTE0001849,PR00036341,Quality Inspection,3,0,Low
DT00002025,DTE0001850,PR00036364,Planned Maintenance,5,1,Low
DT00002026,DTE0001851,PR00036385,Equipment Failure,8,0,Low
DT00002027,DTE0001852,PR00036424,Material Shortage,6,0,Low
DT00002028,DTE0001853,PR00036428,Equipment Failure,10,0,Medium
DT00002029,DTE0001854,PR00036464,Process Adjustment,5,0,Low
DT00002030,DTE0001855,PR00036470,Changeover,22,1,Medium
DT00002031,DTE0001856,PR00036487,Planned Maintenance,24,1,Medium
DT00002032,DTE0001857,PR00036499,Changeover,6,1,Low
DT00002033,DTE0001858,PR00036541,Equipment Failure,14,0,Medium
DT00002034,DTE0001859,PR00036552,Quality Inspection,4,0,Low
DT00002035,DTE0001860,PR00036586,Changeover,30,1,High
DT00002036,DTE0001860,PR00036587,Changeover,7,1,Low
DT00002037,DTE0001861,PR00036631,Quality Inspection,5,0,Low
DT00002038,DTE0001862,PR00036660,Equipment Failure,11,0,Medium
DT00002039,DTE0001864,PR00036691,Planned Maintenance,5,1,Low
DT00002040,DTE0001863,PR00036704,Equipment Failure,7,0,Low
DT00002041,DTE0001866,PR00036715,Changeover,20,1,Medium
DT00002042,DTE0001865,PR00036716,Process Adjustment,9,0,Low
DT00002043,DTE0001867,PR00036727,Changeover,11,1,Medium
DT00002044,DTE0001868,PR00036750,Changeover,24,1,Medium
DT00002045,DTE0001870,PR00036763,Changeover,24,1,Medium
DT00002046,DTE0001869,PR00036765,Process Adjustment,8,0,Low
DT00002047,DTE0001871,PR00036783,Process Adjustment,15,0,Medium
DT00002048,DTE0001872,PR00036793,Changeover,21,1,Medium
DT00002049,DTE0001873,PR00036813,Changeover,3,1,Low
DT00002050,DTE0001874,PR00036872,Changeover,28,1,High
DT00002051,DTE0001875,PR00036898,Equipment Failure,4,0,Low
DT00002052,DTE0001876,PR00036933,Quality Inspection,27,0,High
DT00002053,DTE0001877,PR00036949,Equipment Failure,8,0,Low
DT00002054,DTE0001878,PR00036985,Changeover,14,1,Medium
DT00002055,DTE0001879,PR00037016,Changeover,15,1,Medium
DT00002056,DTE0001881,PR00037049,Changeover,7,1,Low
DT00002057,DTE0001880,PR00037052,Quality Inspection,9,0,Low
DT00002058,DTE0001882,PR00037077,Changeover,18,1,Medium
DT00002059,DTE0001883,PR00037107,Material Shortage,17,0,Medium
DT00002060,DTE0001884,PR00037147,Changeover,30,1,High
DT00002061,DTE0001884,PR00037148,Changeover,7,1,Low
DT00002062,DTE0001885,PR00037176,Equipment Failure,30,0,High
DT00002063,DTE0001885,PR00037177,Equipment Failure,26,0,High
DT00002064,DTE0001886,PR00037206,Planned Maintenance,6,1,Low
DT00002065,DTE0001887,PR00037228,Process Adjustment,26,0,High
DT00002066,DTE0001888,PR00037238,Other,6,0,Low
DT00002067,DTE0001889,PR00037261,Equipment Failure,11,0,Medium
DT00002068,DTE0001890,PR00037286,Changeover,5,1,Low
DT00002069,DTE0001891,PR00037319,Process Adjustment,18,0,Medium
DT00002070,DTE0001892,PR00037339,Equipment Failure,28,0,High
DT00002071,DTE0001893,PR00037380,Quality Inspection,7,0,Low
DT00002072,DTE0001894,PR00037402,Changeover,30,1,High
DT00002073,DTE0001894,PR00037403,Changeover,1,1,Low
DT00002074,DTE0001895,PR00037416,Changeover,17,1,Medium
DT00002075,DTE0001896,PR00037442,Equipment Failure,27,0,High
DT00002076,DTE0001897,PR00037464,Equipment Failure,5,0,Low
DT00002077,DTE0001899,PR00037496,Changeover,21,1,Medium
DT00002078,DTE0001898,PR00037504,Process Adjustment,6,0,Low
DT00002079,DTE0001900,PR00037527,Changeover,23,1,Medium
DT00002080,DTE0001901,PR00037540,Changeover,5,1,Low
DT00002081,DTE0001902,PR00037557,Process Adjustment,18,0,Medium
DT00002082,DTE0001903,PR00037591,Changeover,17,1,Medium
DT00002083,DTE0001904,PR00037622,Process Adjustment,8,0,Low
DT00002084,DTE0001906,PR00037639,Process Adjustment,11,0,Medium
DT00002085,DTE0001905,PR00037647,Process Adjustment,24,0,Medium
DT00002086,DTE0001907,PR00037651,Material Shortage,6,0,Low
DT00002087,DTE0001908,PR00037669,Process Adjustment,10,0,Medium
DT00002088,DTE0001909,PR00037677,Changeover,9,1,Low
DT00002089,DTE0001910,PR00037685,Other,30,0,High
DT00002090,DTE0001910,PR00037686,Other,9,0,Low
DT00002091,DTE0001911,PR00037698,Process Adjustment,11,0,Medium
DT00002092,DTE0001912,PR00037716,Material Shortage,5,0,Low
DT00002093,DTE0001913,PR00037741,Equipment Failure,8,0,Low
DT00002094,DTE0001914,PR00037766,Equipment Failure,24,0,Medium
DT00002095,DTE0001915,PR00037790,Equipment Failure,7,0,Low
DT00002096,DTE0001916,PR00037824,Process Adjustment,14,0,Medium
DT00002097,DTE0001917,PR00037848,Changeover,7,1,Low
DT00002098,DTE0001918,PR00037857,Changeover,12,1,Medium
DT00002099,DTE0001919,PR00037879,Changeover,5,1,Low
DT00002100,DTE0001920,PR00037881,Equipment Failure,6,0,Low
DT00002101,DTE0001921,PR00037881,Changeover,24,1,Medium
DT00002102,DTE0001921,PR00037882,Changeover,4,1,Low
DT00002103,DTE0001923,PR00037896,Changeover,30,1,High
DT00002104,DTE0001923,PR00037897,Changeover,5,1,Low
DT00002105,DTE0001922,PR00037899,Equipment Failure,5,0,Low
DT00002106,DTE0001925,PR00037909,Equipment Failure,18,0,Medium
DT00002107,DTE0001924,PR00037919,Material Shortage,3,0,Low
DT00002108,DTE0001926,PR00037965,Process Adjustment,7,0,Low
DT00002109,DTE0001927,PR00037980,Other,10,0,Medium
DT00002110,DTE0001928,PR00037994,Quality Inspection,9,0,Low
DT00002111,DTE0001929,PR00038001,Changeover,9,1,Low
DT00002112,DTE0001930,PR00038015,Equipment Failure,27,0,High
DT00002113,DTE0001931,PR00038026,Process Adjustment,6,0,Low
DT00002114,DTE0001933,PR00038033,Process Adjustment,5,0,Low
DT00002115,DTE0001932,PR00038042,Changeover,10,1,Medium
DT00002116,DTE0001934,PR00038051,Material Shortage,11,0,Medium
DT00002117,DTE0001935,PR00038076,Process Adjustment,18,0,Medium
DT00002118,DTE0001936,PR00038083,Equipment Failure,20,0,Medium
DT00002119,DTE0001937,PR00038089,Changeover,30,1,High
DT00002120,DTE0001937,PR00038090,Changeover,4,1,Low
DT00002121,DTE0001938,PR00038107,Changeover,29,1,High
DT00002122,DTE0001939,PR00038122,Equipment Failure,8,0,Low
DT00002123,DTE0001940,PR00038124,Equipment Failure,12,0,Medium
DT00002124,DTE0001941,PR00038132,Process Adjustment,30,0,High
DT00002125,DTE0001941,PR00038133,Process Adjustment,26,0,High
DT00002126,DTE0001942,PR00038164,Material Shortage,8,0,Low
DT00002127,DTE0001943,PR00038178,Equipment Failure,10,0,Medium
DT00002128,DTE0001944,PR00038182,Material Shortage,3,0,Low
DT00002129,DTE0001945,PR00038198,Quality Inspection,6,0,Low
DT00002130,DTE0001946,PR00038212,Planned Maintenance,8,1,Low
DT00002131,DTE0001947,PR00038217,Changeover,30,1,High
DT00002132,DTE0001947,PR00038218,Changeover,9,1,Low
DT00002133,DTE0001948,PR00038240,Planned Maintenance,14,1,Medium
DT00002134,DTE0001949,PR00038253,Other,3,0,Low
DT00002135,DTE0001950,PR00038264,Equipment Failure,30,0,High
DT00002136,DTE0001950,PR00038265,Equipment Failure,2,0,Low
DT00002137,DTE0001953,PR00038280,Changeover,30,1,High
DT00002138,DTE0001953,PR00038281,Changeover,1,1,Low
DT00002139,DTE0001952,PR00038283,Changeover,3,1,Low
DT00002140,DTE0001951,PR00038288,Other,14,0,Medium
DT00002141,DTE0001954,PR00038291,Process Adjustment,23,0,Medium
DT00002142,DTE0001955,PR00038376,Changeover,30,1,High
DT00002143,DTE0001956,PR00038393,Quality Inspection,4,0,Low
DT00002144,DTE0001958,PR00038408,Material Shortage,18,0,Medium
DT00002145,DTE0001957,PR00038409,Quality Inspection,23,0,Medium
DT00002146,DTE0001959,PR00038423,Equipment Failure,12,0,Medium
DT00002147,DTE0001960,PR00038437,Planned Maintenance,12,1,Medium
DT00002148,DTE0001961,PR00038468,Equipment Failure,30,0,High
DT00002149,DTE0001961,PR00038469,Equipment Failure,5,0,Low
DT00002150,DTE0001963,PR00038485,Changeover,4,1,Low
DT00002151,DTE0001962,PR00038494,Changeover,4,1,Low
DT00002152,DTE0001964,PR00038501,Changeover,11,1,Medium
DT00002153,DTE0001966,PR00038517,Changeover,4,1,Low
DT00002154,DTE0001965,PR00038528,Changeover,11,1,Medium
DT00002155,DTE0001967,PR00038545,Equipment Failure,3,0,Low
DT00002156,DTE0001968,PR00038552,Equipment Failure,6,0,Low
DT00002157,DTE0001969,PR00038566,Equipment Failure,4,0,Low
DT00002158,DTE0001970,PR00038568,Changeover,23,1,Medium
DT00002159,DTE0001972,PR00038586,Changeover,26,1,High
DT00002160,DTE0001971,PR00038587,Material Shortage,3,0,Low
DT00002161,DTE0001973,PR00038605,Process Adjustment,14,0,Medium
DT00002162,DTE0001974,PR00038615,Changeover,22,1,Medium
DT00002163,DTE0001975,PR00038675,Equipment Failure,4,0,Low
DT00002164,DTE0001976,PR00038696,Equipment Failure,3,0,Low
DT00002165,DTE0001977,PR00038711,Material Shortage,12,0,Medium
DT00002166,DTE0001978,PR00038729,Material Shortage,6,0,Low
DT00002167,DTE0001979,PR00038739,Material Shortage,29,0,High
DT00002168,DTE0001980,PR00038756,Changeover,25,1,High
DT00002169,DTE0001981,PR00038798,Changeover,26,1,High
DT00002170,DTE0001982,PR00038826,Changeover,23,1,Medium
DT00002171,DTE0001983,PR00038862,Changeover,11,1,Medium
DT00002172,DTE0001984,PR00038976,Process Adjustment,17,0,Medium
DT00002173,DTE0001986,PR00039017,Changeover,23,1,Medium
DT00002174,DTE0001985,PR00039024,Material Shortage,3,0,Low
DT00002175,DTE0001987,PR00039030,Equipment Failure,4,0,Low
DT00002176,DTE0001988,PR00039049,Process Adjustment,18,0,Medium
DT00002177,DTE0001989,PR00039084,Changeover,9,1,Low
DT00002178,DTE0001990,PR00039097,Equipment Failure,8,0,Low
DT00002179,DTE0001991,PR00039126,Quality Inspection,24,0,Medium
DT00002180,DTE0001992,PR00039148,Material Shortage,23,0,Medium
DT00002181,DTE0001993,PR00039177,Process Adjustment,11,0,Medium
DT00002182,DTE0001994,PR00039182,Process Adjustment,4,0,Low
DT00002183,DTE0001996,PR00039188,Process Adjustment,16,0,Medium
DT00002184,DTE0001995,PR00039199,Planned Maintenance,30,1,High
DT00002185,DTE0001995,PR00039200,Planned Maintenance,23,1,Medium
DT00002186,DTE0001997,PR00039213,Process Adjustment,9,0,Low
DT00002187,DTE0001999,PR00039237,Equipment Failure,10,0,Medium
DT00002188,DTE0001998,PR00039243,Process Adjustment,13,0,Medium
DT00002189,DTE0002000,PR00039288,Changeover,10,1,Medium
DT00002190,DTE0002001,PR00039300,Process Adjustment,14,0,Medium
DT00002191,DTE0002002,PR00039327,Changeover,13,1,Medium
DT00002192,DTE0002003,PR00039328,Quality Inspection,5,0,Low
DT00002193,DTE0002004,PR00039338,Changeover,20,1,Medium
DT00002194,DTE0002005,PR00039363,Quality Inspection,24,0,Medium
DT00002195,DTE0002006,PR00039406,Changeover,30,1,High
DT00002196,DTE0002006,PR00039407,Changeover,10,1,Medium
DT00002197,DTE0002007,PR00039434,Equipment Failure,5,0,Low
DT00002198,DTE0002008,PR00039460,Process Adjustment,6,0,Low
DT00002199,DTE0002009,PR00039483,Changeover,9,1,Low
DT00002200,DTE0002010,PR00039545,Equipment Failure,14,0,Medium
DT00002201,DTE0002011,PR00039554,Equipment Failure,7,0,Low
DT00002202,DTE0002012,PR00039560,Other,8,0,Low
DT00002203,DTE0002013,PR00039572,Changeover,8,1,Low
DT00002204,DTE0002014,PR00039601,Other,9,0,Low
DT00002205,DTE0002015,PR00039653,Planned Maintenance,7,1,Low
DT00002206,DTE0002016,PR00039698,Planned Maintenance,20,1,Medium
DT00002207,DTE0002017,PR00039715,Quality Inspection,13,0,Medium
DT00002208,DTE0002018,PR00039744,Equipment Failure,11,0,Medium
DT00002209,DTE0002020,PR00039752,Material Shortage,5,0,Low
DT00002210,DTE0002019,PR00039758,Equipment Failure,10,0,Medium
DT00002211,DTE0002021,PR00039762,Equipment Failure,6,0,Low
DT00002212,DTE0002022,PR00039789,Planned Maintenance,5,1,Low
DT00002213,DTE0002023,PR00039803,Changeover,15,1,Medium
DT00002214,DTE0002024,PR00039837,Planned Maintenance,19,1,Medium
DT00002215,DTE0002025,PR00039844,Planned Maintenance,13,1,Medium
DT00002216,DTE0002026,PR00039885,Equipment Failure,8,0,Low
DT00002217,DTE0002027,PR00039894,Equipment Failure,6,0,Low
DT00002218,DTE0002028,PR00039907,Equipment Failure,3,0,Low
DT00002219,DTE0002029,PR00039931,Equipment Failure,4,0,Low
DT00002220,DTE0002030,PR00039968,Changeover,22,1,Medium
DT00002221,DTE0002031,PR00039996,Changeover,3,1,Low
DT00002222,DTE0002032,PR00040001,Planned Maintenance,14,1,Medium
DT00002223,DTE0002033,PR00040010,Changeover,15,1,Medium
DT00002224,DTE0002034,PR00040039,Planned Maintenance,4,1,Low
DT00002225,DTE0002035,PR00040043,Changeover,28,1,High
DT00002226,DTE0002036,PR00040062,Quality Inspection,3,0,Low
DT00002227,DTE0002037,PR00040078,Planned Maintenance,3,1,Low
DT00002228,DTE0002038,PR00040083,Quality Inspection,15,0,Medium
DT00002229,DTE0002039,PR00040107,Material Shortage,10,0,Medium
DT00002230,DTE0002040,PR00040116,Other,14,0,Medium
DT00002231,DTE0002041,PR00040129,Changeover,26,1,High
DT00002232,DTE0002042,PR00040143,Material Shortage,6,0,Low
DT00002233,DTE0002043,PR00040148,Process Adjustment,23,0,Medium
DT00002234,DTE0002044,PR00040170,Process Adjustment,8,0,Low
DT00002235,DTE0002045,PR00040184,Quality Inspection,22,0,Medium
DT00002236,DTE0002046,PR00040195,Material Shortage,23,0,Medium
DT00002237,DTE0002047,PR00040210,Changeover,6,1,Low
DT00002238,DTE0002048,PR00040211,Planned Maintenance,11,1,Medium
DT00002239,DTE0002050,PR00040233,Changeover,15,1,Medium
DT00002240,DTE0002049,PR00040237,Process Adjustment,19,0,Medium
DT00002241,DTE0002051,PR00040253,Quality Inspection,19,0,Medium
DT00002242,DTE0002052,PR00040271,Material Shortage,6,0,Low
DT00002243,DTE0002053,PR00040281,Quality Inspection,11,0,Medium
DT00002244,DTE0002054,PR00040321,Process Adjustment,8,0,Low
DT00002245,DTE0002055,PR00040339,Material Shortage,9,0,Low
DT00002246,DTE0002056,PR00040365,Planned Maintenance,9,1,Low
DT00002247,DTE0002057,PR00040390,Planned Maintenance,5,1,Low
DT00002248,DTE0002058,PR00040405,Quality Inspection,7,0,Low
DT00002249,DTE0002059,PR00040419,Material Shortage,17,0,Medium
DT00002250,DTE0002060,PR00040438,Equipment Failure,8,0,Low
DT00002251,DTE0002061,PR00040453,Equipment Failure,24,0,Medium
DT00002252,DTE0002062,PR00040507,Material Shortage,26,0,High
DT00002253,DTE0002063,PR00040519,Material Shortage,15,0,Medium
DT00002254,DTE0002064,PR00040520,Changeover,13,1,Medium
DT00002255,DTE0002066,PR00040530,Changeover,9,1,Low
DT00002256,DTE0002065,PR00040541,Material Shortage,18,0,Medium
DT00002257,DTE0002067,PR00040558,Quality Inspection,9,0,Low
DT00002258,DTE0002068,PR00040567,Process Adjustment,5,0,Low
DT00002259,DTE0002069,PR00040582,Planned Maintenance,9,1,Low
DT00002260,DTE0002070,PR00040621,Process Adjustment,14,0,Medium
DT00002261,DTE0002071,PR00040628,Changeover,11,1,Medium
DT00002262,DTE0002072,PR00040651,Quality Inspection,30,0,High
DT00002263,DTE0002072,PR00040652,Quality Inspection,8,0,Low
DT00002264,DTE0002073,PR00040686,Process Adjustment,9,0,Low
DT00002265,DTE0002074,PR00040692,Process Adjustment,22,0,Medium
DT00002266,DTE0002075,PR00040721,Quality Inspection,5,0,Low
DT00002267,DTE0002077,PR00040743,Changeover,27,1,High
DT00002268,DTE0002076,PR00040747,Equipment Failure,19,0,Medium
DT00002269,DTE0002078,PR00040798,Equipment Failure,3,0,Low
DT00002270,DTE0002079,PR00040819,Quality Inspection,3,0,Low
DT00002271,DTE0002080,PR00040825,Material Shortage,9,0,Low
DT00002272,DTE0002081,PR00040839,Equipment Failure,3,0,Low
DT00002273,DTE0002083,PR00040851,Equipment Failure,10,0,Medium
DT00002274,DTE0002082,PR00040854,Planned Maintenance,7,1,Low
DT00002275,DTE0002084,PR00040884,Equipment Failure,12,0,Medium
DT00002276,DTE0002085,PR00040899,Quality Inspection,22,0,Medium
DT00002277,DTE0002086,PR00040931,Quality Inspection,30,0,High
DT00002278,DTE0002086,PR00040932,Quality Inspection,4,0,Low
DT00002279,DTE0002087,PR00040935,Process Adjustment,19,0,Medium
DT00002280,DTE0002088,PR00040962,Quality Inspection,8,0,Low
DT00002281,DTE0002089,PR00040986,Quality Inspection,8,0,Low
DT00002282,DTE0002090,PR00041003,Process Adjustment,30,0,High
DT00002283,DTE0002090,PR00041004,Process Adjustment,8,0,Low
DT00002284,DTE0002091,PR00041038,Equipment Failure,3,0,Low
DT00002285,DTE0002092,PR00041039,Process Adjustment,17,0,Medium
DT00002286,DTE0002093,PR00041051,Other,21,0,Medium
DT00002287,DTE0002094,PR00041052,Equipment Failure,3,0,Low
DT00002288,DTE0002095,PR00041085,Material Shortage,5,0,Low
DT00002289,DTE0002096,PR00041109,Process Adjustment,29,0,High
DT00002290,DTE0002097,PR00041153,Quality Inspection,16,0,Medium
DT00002291,DTE0002098,PR00041191,Planned Maintenance,5,1,Low
DT00002292,DTE0002099,PR00041195,Changeover,18,1,Medium
DT00002293,DTE0002100,PR00041226,Changeover,4,1,Low
DT00002294,DTE0002101,PR00041227,Planned Maintenance,10,1,Medium
DT00002295,DTE0002102,PR00041239,Quality Inspection,3,0,Low
DT00002296,DTE0002103,PR00041262,Changeover,20,1,Medium
DT00002297,DTE0002104,PR00041272,Equipment Failure,3,0,Low
DT00002298,DTE0002105,PR00041293,Process Adjustment,6,0,Low
DT00002299,DTE0002106,PR00041312,Equipment Failure,7,0,Low
DT00002300,DTE0002107,PR00041320,Equipment Failure,6,0,Low
DT00002301,DTE0002108,PR00041381,Planned Maintenance,6,1,Low
DT00002302,DTE0002109,PR00041418,Equipment Failure,3,0,Low
DT00002303,DTE0002110,PR00041442,Process Adjustment,11,0,Medium
DT00002304,DTE0002111,PR00041463,Equipment Failure,13,0,Medium
DT00002305,DTE0002113,PR00041492,Quality Inspection,4,0,Low
DT00002306,DTE0002112,PR00041496,Quality Inspection,16,0,Medium
DT00002307,DTE0002114,PR00041525,Planned Maintenance,9,1,Low
DT00002308,DTE0002115,PR00041576,Quality Inspection,30,0,High
DT00002309,DTE0002115,PR00041577,Quality Inspection,9,0,Low
DT00002310,DTE0002116,PR00041587,Process Adjustment,30,0,High
DT00002311,DTE0002116,PR00041588,Process Adjustment,8,0,Low
DT00002312,DTE0002118,PR00041611,Equipment Failure,6,0,Low
DT00002313,DTE0002117,PR00041616,Process Adjustment,16,0,Medium
DT00002314,DTE0002119,PR00041642,Process Adjustment,5,0,Low
DT00002315,DTE0002120,PR00041680,Process Adjustment,6,0,Low
DT00002316,DTE0002121,PR00041695,Planned Maintenance,6,1,Low
DT00002317,DTE0002122,PR00041703,Changeover,16,1,Medium
DT00002318,DTE0002123,PR00041714,Quality Inspection,7,0,Low
DT00002319,DTE0002124,PR00041721,Changeover,30,1,High
DT00002320,DTE0002124,PR00041722,Changeover,1,1,Low
DT00002321,DTE0002125,PR00041735,Material Shortage,30,0,High
DT00002322,DTE0002125,PR00041736,Material Shortage,17,0,Medium
DT00002323,DTE0002126,PR00041736,Material Shortage,13,0,Medium
DT00002324,DTE0002127,PR00041780,Process Adjustment,7,0,Low
DT00002325,DTE0002128,PR00041811,Material Shortage,5,0,Low
DT00002326,DTE0002129,PR00041834,Changeover,6,1,Low
DT00002327,DTE0002130,PR00041839,Quality Inspection,16,0,Medium
DT00002328,DTE0002131,PR00041863,Equipment Failure,19,0,Medium
DT00002329,DTE0002133,PR00041867,Changeover,30,1,High
DT00002330,DTE0002133,PR00041868,Changeover,8,1,Low
DT00002331,DTE0002132,PR00041870,Quality Inspection,11,0,Medium
DT00002332,DTE0002134,PR00041901,Changeover,3,1,Low
DT00002333,DTE0002135,PR00041914,Process Adjustment,6,0,Low
DT00002334,DTE0002136,PR00041955,Planned Maintenance,4,1,Low
DT00002335,DTE0002137,PR00041976,Process Adjustment,8,0,Low
DT00002336,DTE0002138,PR00041988,Changeover,7,1,Low
DT00002337,DTE0002139,PR00042005,Material Shortage,16,0,Medium
DT00002338,DTE0002140,PR00042018,Equipment Failure,10,0,Medium
DT00002339,DTE0002141,PR00042063,Equipment Failure,30,0,High
DT00002340,DTE0002141,PR00042064,Equipment Failure,17,0,Medium
DT00002341,DTE0002142,PR00042083,Equipment Failure,4,0,Low
DT00002342,DTE0002143,PR00042099,Equipment Failure,10,0,Medium
DT00002343,DTE0002144,PR00042127,Equipment Failure,7,0,Low
DT00002344,DTE0002145,PR00042143,Changeover,7,1,Low
DT00002345,DTE0002146,PR00042148,Planned Maintenance,13,1,Medium
DT00002346,DTE0002147,PR00042153,Changeover,30,1,High
DT00002347,DTE0002147,PR00042154,Changeover,4,1,Low
DT00002348,DTE0002148,PR00042169,Quality Inspection,8,0,Low
DT00002349,DTE0002149,PR00042178,Quality Inspection,12,0,Medium
DT00002350,DTE0002151,PR00042202,Changeover,17,1,Medium
DT00002351,DTE0002150,PR00042203,Other,13,0,Medium
DT00002352,DTE0002153,PR00042210,Other,18,0,Medium
DT00002353,DTE0002152,PR00042224,Quality Inspection,3,0,Low
DT00002354,DTE0002154,PR00042285,Material Shortage,21,0,Medium
DT00002355,DTE0002155,PR00042300,Other,8,0,Low
DT00002356,DTE0002156,PR00042389,Process Adjustment,16,0,Medium
DT00002357,DTE0002157,PR00042415,Equipment Failure,12,0,Medium
DT00002358,DTE0002158,PR00042426,Changeover,17,1,Medium
DT00002359,DTE0002159,PR00042426,Equipment Failure,10,0,Medium
DT00002360,DTE0002160,PR00042443,Planned Maintenance,15,1,Medium
DT00002361,DTE0002161,PR00042460,Equipment Failure,6,0,Low
DT00002362,DTE0002162,PR00042488,Equipment Failure,15,0,Medium
DT00002363,DTE0002163,PR00042500,Changeover,12,1,Medium
DT00002364,DTE0002164,PR00042547,Equipment Failure,7,0,Low
DT00002365,DTE0002166,PR00042564,Quality Inspection,10,0,Medium
DT00002366,DTE0002165,PR00042573,Process Adjustment,30,0,High
DT00002367,DTE0002165,PR00042574,Process Adjustment,4,0,Low
DT00002368,DTE0002167,PR00042615,Quality Inspection,30,0,High
DT00002369,DTE0002167,PR00042616,Quality Inspection,2,0,Low
DT00002370,DTE0002168,PR00042619,Changeover,29,1,High
DT00002371,DTE0002169,PR00042639,Changeover,21,1,Medium
DT00002372,DTE0002171,PR00042651,Changeover,30,1,High
DT00002373,DTE0002171,PR00042652,Changeover,8,1,Low
DT00002374,DTE0002170,PR00042654,Process Adjustment,10,0,Medium
DT00002375,DTE0002172,PR00042670,Changeover,12,1,Medium
DT00002376,DTE0002174,PR00042695,Changeover,18,1,Medium
DT00002377,DTE0002173,PR00042696,Quality Inspection,13,0,Medium
DT00002378,DTE0002175,PR00042741,Quality Inspection,3,0,Low
DT00002379,DTE0002176,PR00042744,Equipment Failure,3,0,Low
DT00002380,DTE0002177,PR00042746,Changeover,18,1,Medium
DT00002381,DTE0002178,PR00042786,Quality Inspection,9,0,Low
DT00002382,DTE0002179,PR00042809,Changeover,8,1,Low
DT00002383,DTE0002180,PR00042822,Equipment Failure,12,0,Medium
DT00002384,DTE0002181,PR00042868,Process Adjustment,9,0,Low
DT00002385,DTE0002182,PR00042889,Process Adjustment,9,0,Low
DT00002386,DTE0002183,PR00042916,Equipment Failure,11,0,Medium
DT00002387,DTE0002184,PR00042936,Equipment Failure,5,0,Low
DT00002388,DTE0002185,PR00042974,Material Shortage,3,0,Low
DT00002389,DTE0002186,PR00042986,Material Shortage,23,0,Medium
DT00002390,DTE0002187,PR00042997,Other,11,0,Medium
DT00002391,DTE0002188,PR00042998,Changeover,16,1,Medium
DT00002392,DTE0002189,PR00043052,Other,10,0,Medium
DT00002393,DTE0002190,PR00043063,Other,7,0,Low
DT00002394,DTE0002191,PR00043081,Other,17,0,Medium
DT00002395,DTE0002193,PR00043127,Changeover,30,1,High
DT00002396,DTE0002193,PR00043128,Changeover,2,1,Low
DT00002397,DTE0002192,PR00043132,Quality Inspection,13,0,Medium
DT00002398,DTE0002194,PR00043147,Process Adjustment,30,0,High
DT00002399,DTE0002194,PR00043148,Process Adjustment,9,0,Low
DT00002400,DTE0002195,PR00043187,Quality Inspection,10,0,Medium
DT00002401,DTE0002196,PR00043213,Material Shortage,15,0,Medium
DT00002402,DTE0002197,PR00043299,Planned Maintenance,6,1,Low
DT00002403,DTE0002199,PR00043321,Changeover,9,1,Low
DT00002404,DTE0002198,PR00043325,Process Adjustment,3,0,Low
DT00002405,DTE0002200,PR00043355,Equipment Failure,13,0,Medium
DT00002406,DTE0002201,PR00043358,Material Shortage,10,0,Medium
DT00002407,DTE0002202,PR00043382,Changeover,5,1,Low
DT00002408,DTE0002203,PR00043383,Changeover,30,1,High
DT00002409,DTE0002203,PR00043384,Changeover,5,1,Low
DT00002410,DTE0002204,PR00043401,Changeover,27,1,High
DT00002411,DTE0002205,PR00043416,Material Shortage,21,0,Medium
DT00002412,DTE0002206,PR00043443,Changeover,5,1,Low
DT00002413,DTE0002207,PR00043471,Planned Maintenance,30,1,High
DT00002414,DTE0002207,PR00043472,Planned Maintenance,4,1,Low
DT00002415,DTE0002208,PR00043504,Process Adjustment,12,0,Medium
DT00002416,DTE0002209,PR00043505,Equipment Failure,8,0,Low
DT00002417,DTE0002210,PR00043508,Changeover,10,1,Medium
DT00002418,DTE0002211,PR00043511,Changeover,28,1,High
DT00002419,DTE0002212,PR00043550,Changeover,23,1,Medium
DT00002420,DTE0002213,PR00043566,Process Adjustment,17,0,Medium
DT00002421,DTE0002214,PR00043643,Planned Maintenance,17,1,Medium
DT00002422,DTE0002215,PR00043659,Other,4,0,Low
DT00002423,DTE0002216,PR00043680,Process Adjustment,30,0,High
DT00002424,DTE0002218,PR00043693,Planned Maintenance,4,1,Low
DT00002425,DTE0002217,PR00043695,Equipment Failure,13,0,Medium
DT00002426,DTE0002219,PR00043718,Process Adjustment,14,0,Medium
DT00002427,DTE0002220,PR00043732,Quality Inspection,11,0,Medium
DT00002428,DTE0002221,PR00043744,Equipment Failure,9,0,Low
DT00002429,DTE0002223,PR00043749,Planned Maintenance,3,1,Low
DT00002430,DTE0002222,PR00043753,Quality Inspection,3,0,Low
DT00002431,DTE0002224,PR00043769,Equipment Failure,5,0,Low
DT00002432,DTE0002225,PR00043837,Material Shortage,14,0,Medium
DT00002433,DTE0002226,PR00043849,Process Adjustment,15,0,Medium
DT00002434,DTE0002227,PR00043849,Planned Maintenance,3,1,Low
DT00002435,DTE0002228,PR00043868,Quality Inspection,8,0,Low
DT00002436,DTE0002229,PR00043900,Process Adjustment,6,0,Low
DT00002437,DTE0002230,PR00043908,Equipment Failure,15,0,Medium
DT00002438,DTE0002231,PR00043926,Equipment Failure,6,0,Low
DT00002439,DTE0002232,PR00043937,Process Adjustment,30,0,High
DT00002440,DTE0002232,PR00043938,Process Adjustment,1,0,Low
DT00002441,DTE0002233,PR00043988,Changeover,17,1,Medium
DT00002442,DTE0002235,PR00044008,Changeover,30,1,High
DT00002443,DTE0002235,PR00044009,Changeover,1,1,Low
DT00002444,DTE0002234,PR00044014,Planned Maintenance,9,1,Low
DT00002445,DTE0002236,PR00044044,Process Adjustment,4,0,Low
DT00002446,DTE0002237,PR00044053,Material Shortage,8,0,Low
DT00002447,DTE0002238,PR00044139,Other,17,0,Medium
DT00002448,DTE0002239,PR00044212,Changeover,6,1,Low
DT00002449,DTE0002240,PR00044271,Planned Maintenance,12,1,Medium
DT00002450,DTE0002241,PR00044279,Process Adjustment,15,0,Medium
DT00002451,DTE0002242,PR00044301,Other,3,0,Low
DT00002452,DTE0002243,PR00044306,Quality Inspection,9,0,Low
DT00002453,DTE0002244,PR00044324,Equipment Failure,11,0,Medium
DT00002454,DTE0002245,PR00044345,Changeover,10,1,Medium
DT00002455,DTE0002246,PR00044354,Changeover,12,1,Medium
DT00002456,DTE0002247,PR00044382,Quality Inspection,7,0,Low
DT00002457,DTE0002248,PR00044402,Planned Maintenance,5,1,Low
DT00002458,DTE0002249,PR00044407,Planned Maintenance,9,1,Low
DT00002459,DTE0002250,PR00044430,Process Adjustment,4,0,Low
DT00002460,DTE0002251,PR00044435,Material Shortage,5,0,Low
DT00002461,DTE0002252,PR00044464,Process Adjustment,5,0,Low
DT00002462,DTE0002253,PR00044471,Quality Inspection,11,0,Medium
DT00002463,DTE0002254,PR00044482,Material Shortage,30,0,High
DT00002464,DTE0002254,PR00044483,Material Shortage,7,0,Low
DT00002465,DTE0002255,PR00044490,Changeover,18,1,Medium
DT00002466,DTE0002257,PR00044503,Changeover,29,1,High
DT00002467,DTE0002256,PR00044506,Changeover,14,1,Medium
DT00002468,DTE0002258,PR00044525,Changeover,10,1,Medium
DT00002469,DTE0002259,PR00044573,Quality Inspection,6,0,Low
DT00002470,DTE0002260,PR00044591,Process Adjustment,3,0,Low
DT00002471,DTE0002261,PR00044663,Process Adjustment,7,0,Low
DT00002472,DTE0002262,PR00044673,Changeover,8,1,Low
DT00002473,DTE0002263,PR00044679,Changeover,13,1,Medium
DT00002474,DTE0002265,PR00044698,Equipment Failure,10,0,Medium
DT00002475,DTE0002266,PR00044698,Changeover,13,1,Medium
DT00002476,DTE0002264,PR00044703,Changeover,4,1,Low
DT00002477,DTE0002267,PR00044712,Process Adjustment,9,0,Low
DT00002478,DTE0002268,PR00044722,Changeover,6,1,Low
DT00002479,DTE0002269,PR00044757,Other,5,0,Low
DT00002480,DTE0002270,PR00044771,Changeover,14,1,Medium
DT00002481,DTE0002272,PR00044823,Quality Inspection,13,0,Medium
DT00002482,DTE0002271,PR00044825,Quality Inspection,6,0,Low
DT00002483,DTE0002273,PR00044825,Changeover,24,1,Medium
DT00002484,DTE0002273,PR00044826,Changeover,1,1,Low
DT00002485,DTE0002274,PR00044872,Changeover,30,1,High
DT00002486,DTE0002274,PR00044873,Changeover,8,1,Low
DT00002487,DTE0002275,PR00044891,Changeover,13,1,Medium
DT00002488,DTE0002276,PR00044905,Equipment Failure,9,0,Low
DT00002489,DTE0002277,PR00044915,Changeover,6,1,Low
DT00002490,DTE0002278,PR00044919,Changeover,14,1,Medium
DT00002491,DTE0002279,PR00044953,Equipment Failure,21,0,Medium
DT00002492,DTE0002280,PR00044973,Planned Maintenance,19,1,Medium
DT00002493,DTE0002281,PR00044976,Equipment Failure,8,0,Low
DT00002494,DTE0002282,PR00044988,Quality Inspection,6,0,Low
DT00002495,DTE0002283,PR00044997,Quality Inspection,12,0,Medium
DT00002496,DTE0002284,PR00045010,Equipment Failure,7,0,Low
DT00002497,DTE0002285,PR00045033,Changeover,30,1,High
DT00002498,DTE0002285,PR00045034,Changeover,8,1,Low
DT00002499,DTE0002286,PR00045046,Process Adjustment,3,0,Low
DT00002500,DTE0002287,PR00045058,Process Adjustment,5,0,Low
DT00002501,DTE0002288,PR00045069,Equipment Failure,15,0,Medium
DT00002502,DTE0002289,PR00045083,Material Shortage,15,0,Medium
DT00002503,DTE0002290,PR00045105,Material Shortage,4,0,Low
DT00002504,DTE0002291,PR00045125,Other,12,0,Medium
DT00002505,DTE0002292,PR00045130,Changeover,30,1,High
DT00002506,DTE0002292,PR00045131,Changeover,7,1,Low
DT00002507,DTE0002293,PR00045148,Process Adjustment,14,0,Medium
DT00002508,DTE0002294,PR00045164,Process Adjustment,18,0,Medium
DT00002509,DTE0002295,PR00045167,Changeover,14,1,Medium
DT00002510,DTE0002296,PR00045170,Quality Inspection,18,0,Medium
DT00002511,DTE0002297,PR00045189,Quality Inspection,17,0,Medium
DT00002512,DTE0002298,PR00045209,Changeover,30,1,High
DT00002513,DTE0002298,PR00045210,Changeover,6,1,Low
DT00002514,DTE0002299,PR00045231,Equipment Failure,20,0,Medium
DT00002515,DTE0002300,PR00045247,Equipment Failure,4,0,Low
DT00002516,DTE0002301,PR00045286,Process Adjustment,4,0,Low
DT00002517,DTE0002302,PR00045312,Equipment Failure,13,0,Medium
DT00002518,DTE0002303,PR00045327,Equipment Failure,16,0,Medium
DT00002519,DTE0002304,PR00045332,Equipment Failure,11,0,Medium
DT00002520,DTE0002305,PR00045359,Planned Maintenance,9,1,Low
DT00002521,DTE0002306,PR00045374,Material Shortage,13,0,Medium
DT00002522,DTE0002307,PR00045398,Changeover,8,1,Low
DT00002523,DTE0002309,PR00045415,Changeover,21,1,Medium
DT00002524,DTE0002308,PR00045417,Process Adjustment,30,0,High
DT00002525,DTE0002308,PR00045418,Process Adjustment,3,0,Low
DT00002526,DTE0002310,PR00045425,Process Adjustment,4,0,Low
DT00002527,DTE0002311,PR00045442,Planned Maintenance,10,1,Medium
DT00002528,DTE0002312,PR00045447,Changeover,30,1,High
DT00002529,DTE0002312,PR00045448,Changeover,2,1,Low
DT00002530,DTE0002313,PR00045461,Equipment Failure,15,0,Medium
DT00002531,DTE0002314,PR00045479,Material Shortage,6,0,Low
DT00002532,DTE0002315,PR00045505,Quality Inspection,18,0,Medium
DT00002533,DTE0002316,PR00045547,Changeover,8,1,Low
DT00002534,DTE0002317,PR00045573,Equipment Failure,6,0,Low
DT00002535,DTE0002318,PR00045594,Material Shortage,10,0,Medium
DT00002536,DTE0002319,PR00045639,Changeover,29,1,High
DT00002537,DTE0002320,PR00045656,Changeover,30,1,High
DT00002538,DTE0002321,PR00045672,Changeover,16,1,Medium
DT00002539,DTE0002323,PR00045753,Changeover,30,1,High
DT00002540,DTE0002323,PR00045754,Changeover,7,1,Low
DT00002541,DTE0002322,PR00045760,Equipment Failure,7,0,Low
DT00002542,DTE0002324,PR00045778,Process Adjustment,19,0,Medium
DT00002543,DTE0002326,PR00045804,Quality Inspection,15,0,Medium
DT00002544,DTE0002325,PR00045805,Equipment Failure,3,0,Low
DT00002545,DTE0002327,PR00045839,Material Shortage,25,0,High
DT00002546,DTE0002328,PR00045845,Changeover,13,1,Medium
DT00002547,DTE0002329,PR00045861,Planned Maintenance,8,1,Low
DT00002548,DTE0002331,PR00045875,Changeover,14,1,Medium
DT00002549,DTE0002330,PR00045884,Process Adjustment,22,0,Medium
DT00002550,DTE0002332,PR00045895,Material Shortage,14,0,Medium
DT00002551,DTE0002333,PR00045895,Material Shortage,13,0,Medium
DT00002552,DTE0002334,PR00045897,Changeover,30,1,High
DT00002553,DTE0002334,PR00045898,Changeover,3,1,Low
DT00002554,DTE0002336,PR00045905,Process Adjustment,15,0,Medium
DT00002555,DTE0002335,PR00045915,Material Shortage,10,0,Medium
DT00002556,DTE0002338,PR00045927,Changeover,30,1,High
DT00002557,DTE0002337,PR00045934,Equipment Failure,7,0,Low
DT00002558,DTE0002339,PR00045950,Quality Inspection,5,0,Low
DT00002559,DTE0002340,PR00045955,Planned Maintenance,24,1,Medium
DT00002560,DTE0002342,PR00045975,Changeover,30,1,High
DT00002561,DTE0002342,PR00045976,Changeover,9,1,Low
DT00002562,DTE0002341,PR00045980,Quality Inspection,14,0,Medium
DT00002563,DTE0002344,PR00046059,Changeover,17,1,Medium
DT00002564,DTE0002343,PR00046060,Equipment Failure,16,0,Medium
DT00002565,DTE0002346,PR00046084,Process Adjustment,27,0,High
DT00002566,DTE0002345,PR00046089,Changeover,4,1,Low
DT00002567,DTE0002348,PR00046113,Equipment Failure,5,0,Low
DT00002568,DTE0002347,PR00046116,Material Shortage,10,0,Medium
DT00002569,DTE0002349,PR00046138,Process Adjustment,6,0,Low
DT00002570,DTE0002350,PR00046156,Equipment Failure,25,0,High
DT00002571,DTE0002351,PR00046190,Process Adjustment,12,0,Medium
DT00002572,DTE0002352,PR00046193,Changeover,6,1,Low
DT00002573,DTE0002353,PR00046216,Material Shortage,12,0,Medium
DT00002574,DTE0002354,PR00046239,Equipment Failure,13,0,Medium
DT00002575,DTE0002356,PR00046246,Process Adjustment,25,0,High
DT00002576,DTE0002355,PR00046252,Other,9,0,Low
DT00002577,DTE0002357,PR00046293,Equipment Failure,4,0,Low
DT00002578,DTE0002358,PR00046319,Quality Inspection,7,0,Low
DT00002579,DTE0002359,PR00046342,Quality Inspection,11,0,Medium
DT00002580,DTE0002360,PR00046376,Process Adjustment,8,0,Low
DT00002581,DTE0002361,PR00046414,Changeover,8,1,Low
DT00002582,DTE0002362,PR00046414,Changeover,9,1,Low
DT00002583,DTE0002363,PR00046436,Equipment Failure,8,0,Low
DT00002584,DTE0002364,PR00046450,Equipment Failure,4,0,Low
DT00002585,DTE0002365,PR00046486,Process Adjustment,16,0,Medium
DT00002586,DTE0002366,PR00046492,Changeover,3,1,Low
DT00002587,DTE0002367,PR00046510,Changeover,11,1,Medium
DT00002588,DTE0002368,PR00046520,Changeover,12,1,Medium
DT00002589,DTE0002369,PR00046532,Material Shortage,5,0,Low
DT00002590,DTE0002370,PR00046535,Changeover,26,1,High
DT00002591,DTE0002371,PR00046554,Process Adjustment,6,0,Low
DT00002592,DTE0002372,PR00046566,Process Adjustment,13,0,Medium
DT00002593,DTE0002373,PR00046567,Quality Inspection,30,0,High
DT00002594,DTE0002373,PR00046568,Quality Inspection,30,0,High
DT00002595,DTE0002373,PR00046569,Quality Inspection,28,0,High
DT00002596,DTE0002374,PR00046610,Material Shortage,27,0,High
DT00002597,DTE0002375,PR00046629,Planned Maintenance,6,1,Low
DT00002598,DTE0002376,PR00046653,Changeover,6,1,Low
DT00002599,DTE0002377,PR00046666,Equipment Failure,14,0,Medium
DT00002600,DTE0002378,PR00046669,Changeover,7,1,Low
DT00002601,DTE0002379,PR00046681,Equipment Failure,4,0,Low
DT00002602,DTE0002381,PR00046697,Changeover,20,1,Medium
DT00002603,DTE0002380,PR00046698,Process Adjustment,3,0,Low
DT00002604,DTE0002382,PR00046708,Material Shortage,12,0,Medium
DT00002605,DTE0002383,PR00046727,Changeover,30,1,High
DT00002606,DTE0002383,PR00046728,Changeover,4,1,Low
DT00002607,DTE0002384,PR00046743,Material Shortage,5,0,Low
DT00002608,DTE0002385,PR00046755,Changeover,8,1,Low
DT00002609,DTE0002386,PR00046775,Quality Inspection,10,0,Medium
DT00002610,DTE0002388,PR00046806,Quality Inspection,15,0,Medium
DT00002611,DTE0002387,PR00046810,Changeover,22,1,Medium
DT00002612,DTE0002389,PR00046829,Process Adjustment,12,0,Medium
DT00002613,DTE0002390,PR00046851,Process Adjustment,11,0,Medium
DT00002614,DTE0002391,PR00046908,Changeover,8,1,Low
DT00002615,DTE0002392,PR00046944,Process Adjustment,7,0,Low
DT00002616,DTE0002393,PR00046952,Equipment Failure,8,0,Low
DT00002617,DTE0002394,PR00046971,Process Adjustment,3,0,Low
DT00002618,DTE0002395,PR00047039,Changeover,6,1,Low
DT00002619,DTE0002396,PR00047042,Changeover,20,1,Medium
DT00002620,DTE0002397,PR00047069,Process Adjustment,11,0,Medium
DT00002621,DTE0002398,PR00047108,Changeover,10,1,Medium
DT00002622,DTE0002399,PR00047147,Equipment Failure,10,0,Medium
DT00002623,DTE0002400,PR00047185,Quality Inspection,12,0,Medium
DT00002624,DTE0002401,PR00047221,Equipment Failure,8,0,Low
DT00002625,DTE0002402,PR00047241,Equipment Failure,9,0,Low
DT00002626,DTE0002404,PR00047262,Planned Maintenance,10,1,Medium
DT00002627,DTE0002403,PR00047264,Process Adjustment,11,0,Medium
DT00002628,DTE0002406,PR00047271,Changeover,30,1,High
DT00002629,DTE0002406,PR00047272,Changeover,3,1,Low
DT00002630,DTE0002405,PR00047277,Planned Maintenance,5,1,Low
DT00002631,DTE0002407,PR00047286,Changeover,6,1,Low
DT00002632,DTE0002408,PR00047298,Changeover,30,1,High
DT00002633,DTE0002408,PR00047299,Changeover,13,1,Medium
DT00002634,DTE0002409,PR00047313,Equipment Failure,8,0,Low
DT00002635,DTE0002410,PR00047353,Quality Inspection,7,0,Low
DT00002636,DTE0002411,PR00047372,Changeover,8,1,Low
DT00002637,DTE0002412,PR00047391,Equipment Failure,9,0,Low
DT00002638,DTE0002413,PR00047428,Changeover,6,1,Low
DT00002639,DTE0002414,PR00047439,Process Adjustment,3,0,Low
DT00002640,DTE0002416,PR00047457,Process Adjustment,10,0,Medium
DT00002641,DTE0002415,PR00047468,Process Adjustment,7,0,Low
DT00002642,DTE0002417,PR00047495,Process Adjustment,12,0,Medium
DT00002643,DTE0002418,PR00047517,Equipment Failure,25,0,High
DT00002644,DTE0002419,PR00047531,Changeover,17,1,Medium
DT00002645,DTE0002420,PR00047546,Changeover,10,1,Medium
DT00002646,DTE0002421,PR00047560,Changeover,30,1,High
DT00002647,DTE0002421,PR00047561,Changeover,5,1,Low
DT00002648,DTE0002422,PR00047582,Equipment Failure,4,0,Low
DT00002649,DTE0002423,PR00047597,Other,9,0,Low
DT00002650,DTE0002424,PR00047603,Equipment Failure,30,0,High
DT00002651,DTE0002424,PR00047604,Equipment Failure,6,0,Low
DT00002652,DTE0002426,PR00047625,Changeover,28,1,High
DT00002653,DTE0002425,PR00047627,Quality Inspection,6,0,Low
DT00002654,DTE0002427,PR00047640,Process Adjustment,3,0,Low
DT00002655,DTE0002428,PR00047661,Planned Maintenance,25,1,High
DT00002656,DTE0002430,PR00047665,Quality Inspection,17,0,Medium
DT00002657,DTE0002429,PR00047669,Equipment Failure,11,0,Medium
DT00002658,DTE0002431,PR00047682,Process Adjustment,3,0,Low
DT00002659,DTE0002432,PR00047716,Equipment Failure,7,0,Low
DT00002660,DTE0002433,PR00047774,Equipment Failure,15,0,Medium
DT00002661,DTE0002434,PR00047792,Changeover,3,1,Low
DT00002662,DTE0002435,PR00047805,Process Adjustment,4,0,Low
DT00002663,DTE0002436,PR00047823,Changeover,3,1,Low
DT00002664,DTE0002437,PR00047826,Quality Inspection,11,0,Medium
DT00002665,DTE0002438,PR00047845,Process Adjustment,5,0,Low
DT00002666,DTE0002439,PR00047871,Equipment Failure,8,0,Low
DT00002667,DTE0002441,PR00047881,Changeover,28,1,High
DT00002668,DTE0002440,PR00047885,Equipment Failure,8,0,Low
DT00002669,DTE0002442,PR00047893,Equipment Failure,16,0,Medium
DT00002670,DTE0002443,PR00047899,Changeover,13,1,Medium
DT00002671,DTE0002444,PR00047947,Planned Maintenance,23,1,Medium
DT00002672,DTE0002445,PR00047961,Changeover,17,1,Medium
DT00002673,DTE0002446,PR00047971,Quality Inspection,10,0,Medium
DT00002674,DTE0002447,PR00047986,Changeover,7,1,Low
DT00002675,DTE0002448,PR00048037,Material Shortage,10,0,Medium
DT00002676,DTE0002449,PR00048056,Process Adjustment,10,0,Medium
DT00002677,DTE0002450,PR00048067,Process Adjustment,7,0,Low
DT00002678,DTE0002451,PR00048081,Planned Maintenance,11,1,Medium
DT00002679,DTE0002452,PR00048098,Quality Inspection,8,0,Low
DT00002680,DTE0002453,PR00048114,Process Adjustment,12,0,Medium
DT00002681,DTE0002454,PR00048144,Process Adjustment,12,0,Medium
DT00002682,DTE0002455,PR00048148,Equipment Failure,24,0,Medium
DT00002683,DTE0002456,PR00048151,Changeover,29,1,High
DT00002684,DTE0002458,PR00048163,Material Shortage,10,0,Medium
DT00002685,DTE0002457,PR00048169,Quality Inspection,16,0,Medium
DT00002686,DTE0002459,PR00048183,Equipment Failure,5,0,Low
DT00002687,DTE0002460,PR00048194,Planned Maintenance,6,1,Low
DT00002688,DTE0002461,PR00048229,Planned Maintenance,12,1,Medium
DT00002689,DTE0002462,PR00048254,Other,8,0,Low
DT00002690,DTE0002463,PR00048259,Planned Maintenance,19,1,Medium
DT00002691,DTE0002464,PR00048299,Changeover,27,1,High
DT00002692,DTE0002466,PR00048313,Changeover,30,1,High
DT00002693,DTE0002466,PR00048314,Changeover,10,1,Medium
DT00002694,DTE0002465,PR00048315,Process Adjustment,17,0,Medium
DT00002695,DTE0002467,PR00048325,Process Adjustment,4,0,Low
DT00002696,DTE0002468,PR00048363,Process Adjustment,8,0,Low
DT00002697,DTE0002469,PR00048372,Process Adjustment,3,0,Low
DT00002698,DTE0002470,PR00048387,Planned Maintenance,19,1,Medium
DT00002699,DTE0002471,PR00048412,Changeover,9,1,Low
DT00002700,DTE0002472,PR00048420,Other,4,0,Low
DT00002701,DTE0002473,PR00048444,Equipment Failure,6,0,Low
DT00002702,DTE0002474,PR00048520,Material Shortage,19,0,Medium
DT00002703,DTE0002475,PR00048531,Quality Inspection,9,0,Low
DT00002704,DTE0002476,PR00048551,Process Adjustment,5,0,Low
DT00002705,DTE0002477,PR00048568,Process Adjustment,3,0,Low
DT00002706,DTE0002478,PR00048589,Equipment Failure,6,0,Low
DT00002707,DTE0002479,PR00048600,Quality Inspection,12,0,Medium
DT00002708,DTE0002480,PR00048621,Quality Inspection,5,0,Low
DT00002709,DTE0002481,PR00048628,Process Adjustment,19,0,Medium
DT00002710,DTE0002482,PR00048657,Equipment Failure,4,0,Low
DT00002711,DTE0002483,PR00048678,Process Adjustment,3,0,Low
DT00002712,DTE0002485,PR00048681,Changeover,30,1,High
DT00002713,DTE0002485,PR00048682,Changeover,3,1,Low
DT00002714,DTE0002484,PR00048687,Quality Inspection,23,0,Medium
DT00002715,DTE0002487,PR00048695,Changeover,30,1,High
DT00002716,DTE0002487,PR00048696,Changeover,8,1,Low
DT00002717,DTE0002486,PR00048698,Changeover,6,1,Low
DT00002718,DTE0002488,PR00048717,Material Shortage,20,0,Medium
DT00002719,DTE0002489,PR00048726,Changeover,5,1,Low
DT00002720,DTE0002490,PR00048741,Process Adjustment,21,0,Medium
DT00002721,DTE0002491,PR00048754,Equipment Failure,13,0,Medium
DT00002722,DTE0002492,PR00048799,Equipment Failure,6,0,Low
DT00002723,DTE0002493,PR00048825,Quality Inspection,28,0,High
DT00002724,DTE0002494,PR00048839,Quality Inspection,8,0,Low
DT00002725,DTE0002495,PR00048876,Process Adjustment,12,0,Medium
DT00002726,DTE0002497,PR00048887,Changeover,24,1,Medium
DT00002727,DTE0002496,PR00048888,Equipment Failure,4,0,Low
DT00002728,DTE0002498,PR00048908,Changeover,20,1,Medium
DT00002729,DTE0002499,PR00048931,Planned Maintenance,10,1,Medium
DT00002730,DTE0002500,PR00048937,Changeover,22,1,Medium
DT00002731,DTE0002501,PR00048957,Process Adjustment,30,0,High
DT00002732,DTE0002501,PR00048958,Process Adjustment,17,0,Medium
DT00002733,DTE0002502,PR00048970,Changeover,12,1,Medium
DT00002734,DTE0002504,PR00048986,Quality Inspection,5,0,Low
DT00002735,DTE0002503,PR00048988,Changeover,5,1,Low
DT00002736,DTE0002505,PR00049010,Material Shortage,5,0,Low
DT00002737,DTE0002506,PR00049031,Changeover,27,1,High
DT00002738,DTE0002507,PR00049061,Planned Maintenance,9,1,Low
DT00002739,DTE0002509,PR00049064,Changeover,30,1,High
DT00002740,DTE0002509,PR00049065,Changeover,3,1,Low
DT00002741,DTE0002508,PR00049069,Changeover,9,1,Low
DT00002742,DTE0002510,PR00049106,Equipment Failure,11,0,Medium
DT00002743,DTE0002511,PR00049144,Material Shortage,4,0,Low
DT00002744,DTE0002512,PR00049194,Quality Inspection,14,0,Medium
DT00002745,DTE0002513,PR00049202,Quality Inspection,5,0,Low
DT00002746,DTE0002514,PR00049224,Process Adjustment,10,0,Medium
DT00002747,DTE0002515,PR00049239,Process Adjustment,13,0,Medium
DT00002748,DTE0002516,PR00049254,Material Shortage,6,0,Low
DT00002749,DTE0002517,PR00049258,Process Adjustment,9,0,Low
DT00002750,DTE0002518,PR00049267,Quality Inspection,7,0,Low
DT00002751,DTE0002519,PR00049293,Quality Inspection,10,0,Medium
DT00002752,DTE0002520,PR00049328,Process Adjustment,10,0,Medium
DT00002753,DTE0002521,PR00049341,Changeover,4,1,Low
DT00002754,DTE0002522,PR00049350,Process Adjustment,30,0,High
DT00002755,DTE0002522,PR00049351,Process Adjustment,13,0,Medium
DT00002756,DTE0002523,PR00049364,Equipment Failure,9,0,Low
DT00002757,DTE0002524,PR00049368,Changeover,22,1,Medium
DT00002758,DTE0002525,PR00049379,Quality Inspection,10,0,Medium
DT00002759,DTE0002527,PR00049404,Changeover,8,1,Low
DT00002760,DTE0002526,PR00049406,Other,3,0,Low
DT00002761,DTE0002528,PR00049418,Process Adjustment,11,0,Medium
DT00002762,DTE0002529,PR00049433,Other,4,0,Low
DT00002763,DTE0002530,PR00049490,Material Shortage,7,0,Low
DT00002764,DTE0002531,PR00049490,Planned Maintenance,23,1,Medium
DT00002765,DTE0002533,PR00049518,Planned Maintenance,11,1,Medium
DT00002766,DTE0002532,PR00049520,Changeover,7,1,Low
DT00002767,DTE0002534,PR00049539,Planned Maintenance,19,1,Medium
DT00002768,DTE0002535,PR00049581,Planned Maintenance,16,1,Medium
DT00002769,DTE0002536,PR00049607,Changeover,4,1,Low
DT00002770,DTE0002537,PR00049626,Process Adjustment,13,0,Medium
DT00002771,DTE0002538,PR00049661,Material Shortage,9,0,Low
DT00002772,DTE0002539,PR00049672,Quality Inspection,13,0,Medium
DT00002773,DTE0002540,PR00049672,Changeover,17,1,Medium
DT00002774,DTE0002540,PR00049673,Changeover,9,1,Low
DT00002775,DTE0002541,PR00049692,Quality Inspection,7,0,Low
DT00002776,DTE0002542,PR00049709,Changeover,4,1,Low
DT00002777,DTE0002543,PR00049736,Quality Inspection,3,0,Low
DT00002778,DTE0002544,PR00049738,Changeover,30,1,High
DT00002779,DTE0002544,PR00049739,Changeover,6,1,Low
DT00002780,DTE0002545,PR00049749,Process Adjustment,7,0,Low
DT00002781,DTE0002546,PR00049775,Equipment Failure,24,0,Medium
DT00002782,DTE0002547,PR00049785,Planned Maintenance,3,1,Low
DT00002783,DTE0002548,PR00049801,Process Adjustment,10,0,Medium
DT00002784,DTE0002549,PR00049809,Planned Maintenance,10,1,Medium
DT00002785,DTE0002550,PR00049867,Changeover,23,1,Medium
DT00002786,DTE0002551,PR00049910,Quality Inspection,24,0,Medium
DT00002787,DTE0002552,PR00049923,Material Shortage,17,0,Medium
DT00002788,DTE0002553,PR00049948,Quality Inspection,17,0,Medium
DT00002789,DTE0002554,PR00049968,Equipment Failure,30,0,High
DT00002790,DTE0002555,PR00050020,Material Shortage,5,0,Low
DT00002791,DTE0002556,PR00050047,Planned Maintenance,7,1,Low
DT00002792,DTE0002558,PR00050059,Changeover,28,1,High
DT00002793,DTE0002557,PR00050062,Process Adjustment,13,0,Medium
DT00002794,DTE0002559,PR00050065,Planned Maintenance,30,1,High
DT00002795,DTE0002559,PR00050066,Planned Maintenance,21,1,Medium
DT00002796,DTE0002560,PR00050083,Other,3,0,Low
DT00002797,DTE0002561,PR00050106,Equipment Failure,5,0,Low
DT00002798,DTE0002562,PR00050120,Process Adjustment,22,0,Medium
DT00002799,DTE0002564,PR00050129,Process Adjustment,6,0,Low
DT00002800,DTE0002563,PR00050142,Quality Inspection,17,0,Medium
DT00002801,DTE0002565,PR00050149,Equipment Failure,3,0,Low
DT00002802,DTE0002567,PR00050164,Material Shortage,20,0,Medium
DT00002803,DTE0002566,PR00050165,Changeover,25,1,High
DT00002804,DTE0002568,PR00050207,Quality Inspection,3,0,Low
DT00002805,DTE0002569,PR00050217,Quality Inspection,10,0,Medium
DT00002806,DTE0002570,PR00050226,Equipment Failure,3,0,Low
DT00002807,DTE0002571,PR00050245,Quality Inspection,7,0,Low
DT00002808,DTE0002572,PR00050288,Material Shortage,7,0,Low
DT00002809,DTE0002573,PR00050298,Changeover,26,1,High
DT00002810,DTE0002575,PR00050337,Quality Inspection,16,0,Medium
DT00002811,DTE0002574,PR00050349,Changeover,7,1,Low
DT00002812,DTE0002576,PR00050365,Changeover,12,1,Medium
DT00002813,DTE0002577,PR00050414,Planned Maintenance,18,1,Medium
DT00002814,DTE0002578,PR00050424,Changeover,9,1,Low
DT00002815,DTE0002579,PR00050443,Material Shortage,10,0,Medium
DT00002816,DTE0002580,PR00050468,Changeover,6,1,Low
DT00002817,DTE0002581,PR00050494,Material Shortage,9,0,Low
DT00002818,DTE0002582,PR00050514,Process Adjustment,3,0,Low
DT00002819,DTE0002583,PR00050537,Changeover,30,1,High
DT00002820,DTE0002583,PR00050538,Changeover,9,1,Low
DT00002821,DTE0002584,PR00050554,Equipment Failure,11,0,Medium
DT00002822,DTE0002585,PR00050571,Other,10,0,Medium
DT00002823,DTE0002586,PR00050589,Quality Inspection,3,0,Low
DT00002824,DTE0002587,PR00050626,Planned Maintenance,10,1,Medium
DT00002825,DTE0002588,PR00050658,Equipment Failure,16,0,Medium
DT00002826,DTE0002589,PR00050697,Equipment Failure,30,0,High
DT00002827,DTE0002589,PR00050698,Equipment Failure,3,0,Low
DT00002828,DTE0002590,PR00050724,Changeover,21,1,Medium
DT00002829,DTE0002591,PR00050747,Planned Maintenance,6,1,Low
DT00002830,DTE0002592,PR00050780,Process Adjustment,3,0,Low
DT00002831,DTE0002593,PR00050786,Changeover,14,1,Medium
DT00002832,DTE0002594,PR00050802,Material Shortage,7,0,Low
DT00002833,DTE0002595,PR00050820,Quality Inspection,6,0,Low
DT00002834,DTE0002596,PR00050871,Quality Inspection,15,0,Medium
DT00002835,DTE0002597,PR00050888,Equipment Failure,13,0,Medium
DT00002836,DTE0002598,PR00050906,Material Shortage,11,0,Medium
DT00002837,DTE0002599,PR00050918,Process Adjustment,8,0,Low
DT00002838,DTE0002601,PR00050938,Changeover,5,1,Low
DT00002839,DTE0002600,PR00050939,Process Adjustment,4,0,Low
DT00002840,DTE0002602,PR00050950,Planned Maintenance,30,1,High
DT00002841,DTE0002602,PR00050951,Planned Maintenance,1,1,Low
DT00002842,DTE0002603,PR00050967,Changeover,14,1,Medium
DT00002843,DTE0002604,PR00050968,Changeover,30,1,High
DT00002844,DTE0002605,PR00050999,Changeover,8,1,Low
DT00002845,DTE0002606,PR00051007,Changeover,6,1,Low
DT00002846,DTE0002607,PR00051025,Planned Maintenance,3,1,Low
DT00002847,DTE0002608,PR00051055,Equipment Failure,25,0,High
DT00002848,DTE0002609,PR00051070,Equipment Failure,21,0,Medium
DT00002849,DTE0002610,PR00051158,Quality Inspection,11,0,Medium
DT00002850,DTE0002611,PR00051200,Material Shortage,30,0,High
DT00002851,DTE0002612,PR00051211,Material Shortage,12,0,Medium
DT00002852,DTE0002613,PR00051225,Material Shortage,7,0,Low
DT00002853,DTE0002614,PR00051255,Material Shortage,19,0,Medium
DT00002854,DTE0002616,PR00051265,Changeover,6,1,Low
DT00002855,DTE0002615,PR00051268,Process Adjustment,5,0,Low
DT00002856,DTE0002617,PR00051275,Changeover,13,1,Medium
DT00002857,DTE0002618,PR00051285,Changeover,8,1,Low
DT00002858,DTE0002619,PR00051289,Changeover,19,1,Medium
DT00002859,DTE0002620,PR00051322,Changeover,14,1,Medium
DT00002860,DTE0002621,PR00051357,Changeover,4,1,Low
DT00002861,DTE0002622,PR00051387,Process Adjustment,9,0,Low
DT00002862,DTE0002624,PR00051400,Material Shortage,6,0,Low
DT00002863,DTE0002623,PR00051407,Quality Inspection,8,0,Low
DT00002864,DTE0002625,PR00051419,Changeover,3,1,Low
DT00002865,DTE0002626,PR00051450,Changeover,7,1,Low
DT00002866,DTE0002627,PR00051461,Process Adjustment,18,0,Medium
DT00002867,DTE0002628,PR00051478,Process Adjustment,11,0,Medium
DT00002868,DTE0002629,PR00051501,Other,3,0,Low
DT00002869,DTE0002630,PR00051508,Planned Maintenance,11,1,Medium
DT00002870,DTE0002631,PR00051543,Changeover,18,1,Medium
DT00002871,DTE0002632,PR00051568,Changeover,17,1,Medium
DT00002872,DTE0002634,PR00051593,Equipment Failure,10,0,Medium
DT00002873,DTE0002633,PR00051595,Material Shortage,3,0,Low
DT00002874,DTE0002635,PR00051603,Quality Inspection,4,0,Low
DT00002875,DTE0002636,PR00051610,Changeover,23,1,Medium
DT00002876,DTE0002637,PR00051641,Material Shortage,9,0,Low
DT00002877,DTE0002638,PR00051649,Process Adjustment,19,0,Medium
DT00002878,DTE0002639,PR00051685,Equipment Failure,8,0,Low
DT00002879,DTE0002640,PR00051701,Equipment Failure,10,0,Medium
DT00002880,DTE0002641,PR00051705,Equipment Failure,5,0,Low
DT00002881,DTE0002642,PR00051720,Planned Maintenance,6,1,Low
DT00002882,DTE0002643,PR00051729,Changeover,13,1,Medium
DT00002883,DTE0002645,PR00051767,Process Adjustment,5,0,Low
DT00002884,DTE0002646,PR00051767,Changeover,25,1,High
DT00002885,DTE0002646,PR00051768,Changeover,9,1,Low
DT00002886,DTE0002644,PR00051773,Changeover,12,1,Medium
DT00002887,DTE0002648,PR00051784,Changeover,24,1,Medium
DT00002888,DTE0002647,PR00051789,Material Shortage,9,0,Low
DT00002889,DTE0002649,PR00051796,Material Shortage,8,0,Low
DT00002890,DTE0002650,PR00051817,Changeover,11,1,Medium
DT00002891,DTE0002651,PR00051829,Changeover,7,1,Low
DT00002892,DTE0002653,PR00051860,Changeover,5,1,Low
DT00002893,DTE0002652,PR00051866,Changeover,15,1,Medium
DT00002894,DTE0002654,PR00051881,Changeover,30,1,High
DT00002895,DTE0002654,PR00051882,Changeover,1,1,Low
DT00002896,DTE0002655,PR00051893,Equipment Failure,9,0,Low
DT00002897,DTE0002656,PR00051919,Quality Inspection,15,0,Medium
DT00002898,DTE0002657,PR00051921,Planned Maintenance,11,1,Medium
DT00002899,DTE0002658,PR00051928,Changeover,24,1,Medium
DT00002900,DTE0002659,PR00051941,Quality Inspection,8,0,Low
DT00002901,DTE0002661,PR00051976,Changeover,27,1,High
DT00002902,DTE0002660,PR00051980,Material Shortage,5,0,Low
DT00002903,DTE0002662,PR00052008,Material Shortage,9,0,Low
DT00002904,DTE0002663,PR00052034,Quality Inspection,30,0,High
DT00002905,DTE0002663,PR00052035,Quality Inspection,9,0,Low
DT00002906,DTE0002664,PR00052051,Equipment Failure,3,0,Low
DT00002907,DTE0002665,PR00052074,Planned Maintenance,3,1,Low
DT00002908,DTE0002666,PR00052083,Other,22,0,Medium
DT00002909,DTE0002667,PR00052104,Material Shortage,15,0,Medium
DT00002910,DTE0002668,PR00052105,Process Adjustment,11,0,Medium
DT00002911,DTE0002669,PR00052105,Changeover,19,1,Medium
DT00002912,DTE0002670,PR00052179,Quality Inspection,5,0,Low
DT00002913,DTE0002671,PR00052186,Changeover,30,1,High
DT00002914,DTE0002671,PR00052187,Changeover,6,1,Low
DT00002915,DTE0002672,PR00052194,Equipment Failure,4,0,Low
DT00002916,DTE0002673,PR00052233,Quality Inspection,3,0,Low
DT00002917,DTE0002675,PR00052262,Changeover,16,1,Medium
DT00002918,DTE0002674,PR00052264,Process Adjustment,12,0,Medium
DT00002919,DTE0002676,PR00052276,Equipment Failure,27,0,High
DT00002920,DTE0002678,PR00052294,Equipment Failure,9,0,Low
DT00002921,DTE0002677,PR00052300,Changeover,8,1,Low
DT00002922,DTE0002679,PR00052333,Changeover,3,1,Low
DT00002923,DTE0002681,PR00052345,Changeover,27,1,High
DT00002924,DTE0002680,PR00052351,Other,3,0,Low
DT00002925,DTE0002682,PR00052367,Quality Inspection,7,0,Low
DT00002926,DTE0002684,PR00052370,Equipment Failure,22,0,Medium
DT00002927,DTE0002683,PR00052377,Material Shortage,6,0,Low
DT00002928,DTE0002685,PR00052391,Quality Inspection,25,0,High
DT00002929,DTE0002686,PR00052410,Equipment Failure,8,0,Low
DT00002930,DTE0002687,PR00052448,Equipment Failure,27,0,High
DT00002931,DTE0002688,PR00052451,Equipment Failure,4,0,Low
DT00002932,DTE0002689,PR00052489,Changeover,3,1,Low
DT00002933,DTE0002690,PR00052508,Quality Inspection,25,0,High
DT00002934,DTE0002692,PR00052532,Process Adjustment,13,0,Medium
DT00002935,DTE0002691,PR00052534,Process Adjustment,13,0,Medium
DT00002936,DTE0002693,PR00052550,Changeover,8,1,Low
DT00002937,DTE0002695,PR00052553,Changeover,15,1,Medium
DT00002938,DTE0002694,PR00052555,Changeover,8,1,Low
DT00002939,DTE0002696,PR00052623,Equipment Failure,30,0,High
DT00002940,DTE0002696,PR00052624,Equipment Failure,1,0,Low
DT00002941,DTE0002697,PR00052636,Equipment Failure,19,0,Medium
DT00002942,DTE0002698,PR00052697,Equipment Failure,30,0,High
DT00002943,DTE0002698,PR00052698,Equipment Failure,30,0,High
DT00002944,DTE0002698,PR00052699,Equipment Failure,28,0,High
DT00002945,DTE0002699,PR00052721,Equipment Failure,8,0,Low
DT00002946,DTE0002700,PR00052732,Changeover,4,1,Low
DT00002947,DTE0002702,PR00052744,Changeover,19,1,Medium
DT00002948,DTE0002701,PR00052750,Quality Inspection,11,0,Medium
DT00002949,DTE0002703,PR00052754,Equipment Failure,15,0,Medium
DT00002950,DTE0002704,PR00052757,Changeover,9,1,Low
DT00002951,DTE0002705,PR00052770,Equipment Failure,7,0,Low
DT00002952,DTE0002706,PR00052792,Planned Maintenance,3,1,Low
DT00002953,DTE0002707,PR00052793,Process Adjustment,12,0,Medium
DT00002954,DTE0002708,PR00052810,Process Adjustment,21,0,Medium
DT00002955,DTE0002709,PR00052838,Equipment Failure,6,0,Low
DT00002956,DTE0002711,PR00052840,Changeover,30,1,High
DT00002957,DTE0002711,PR00052841,Changeover,3,1,Low
DT00002958,DTE0002710,PR00052842,Changeover,6,1,Low
DT00002959,DTE0002712,PR00052855,Changeover,24,1,Medium
DT00002960,DTE0002713,PR00052871,Quality Inspection,19,0,Medium
DT00002961,DTE0002714,PR00052883,Changeover,5,1,Low
DT00002962,DTE0002715,PR00052897,Planned Maintenance,8,1,Low
DT00002963,DTE0002716,PR00052909,Changeover,19,1,Medium
DT00002964,DTE0002717,PR00052932,Quality Inspection,7,0,Low
DT00002965,DTE0002718,PR00052955,Material Shortage,11,0,Medium
DT00002966,DTE0002719,PR00052955,Process Adjustment,19,0,Medium
DT00002967,DTE0002719,PR00052956,Process Adjustment,7,0,Low
DT00002968,DTE0002720,PR00052964,Material Shortage,10,0,Medium
DT00002969,DTE0002721,PR00053025,Other,3,0,Low
DT00002970,DTE0002723,PR00053041,Other,16,0,Medium
DT00002971,DTE0002722,PR00053045,Planned Maintenance,8,1,Low
DT00002972,DTE0002724,PR00053058,Changeover,25,1,High
DT00002973,DTE0002725,PR00053067,Changeover,13,1,Medium
DT00002974,DTE0002726,PR00053078,Other,20,0,Medium
DT00002975,DTE0002727,PR00053114,Other,7,0,Low
DT00002976,DTE0002728,PR00053129,Material Shortage,24,0,Medium
DT00002977,DTE0002729,PR00053139,Changeover,4,1,Low
DT00002978,DTE0002730,PR00053170,Changeover,12,1,Medium
DT00002979,DTE0002731,PR00053202,Changeover,7,1,Low
DT00002980,DTE0002732,PR00053228,Quality Inspection,6,0,Low
DT00002981,DTE0002733,PR00053238,Equipment Failure,12,0,Medium
DT00002982,DTE0002734,PR00053241,Equipment Failure,14,0,Medium
DT00002983,DTE0002735,PR00053264,Material Shortage,10,0,Medium
DT00002984,DTE0002736,PR00053301,Quality Inspection,15,0,Medium
DT00002985,DTE0002738,PR00053321,Changeover,5,1,Low
DT00002986,DTE0002737,PR00053323,Quality Inspection,4,0,Low
DT00002987,DTE0002739,PR00053337,Quality Inspection,3,0,Low
DT00002988,DTE0002740,PR00053350,Process Adjustment,3,0,Low
DT00002989,DTE0002741,PR00053366,Equipment Failure,13,0,Medium
DT00002990,DTE0002742,PR00053369,Changeover,30,1,High
DT00002991,DTE0002742,PR00053370,Changeover,5,1,Low
DT00002992,DTE0002743,PR00053387,Equipment Failure,3,0,Low
DT00002993,DTE0002744,PR00053436,Changeover,8,1,Low
DT00002994,DTE0002745,PR00053449,Changeover,25,1,High
DT00002995,DTE0002747,PR00053466,Changeover,17,1,Medium
DT00002996,DTE0002746,PR00053472,Changeover,9,1,Low
DT00002997,DTE0002748,PR00053518,Material Shortage,12,0,Medium
DT00002998,DTE0002749,PR00053549,Equipment Failure,17,0,Medium
DT00002999,DTE0002750,PR00053549,Equipment Failure,5,0,Low
DT00003000,DTE0002751,PR00053553,Planned Maintenance,7,1,Low
DT00003001,DTE0002752,PR00053575,Planned Maintenance,7,1,Low
DT00003002,DTE0002753,PR00053587,Material Shortage,18,0,Medium
DT00003003,DTE0002754,PR00053608,Planned Maintenance,10,1,Medium
DT00003004,DTE0002755,PR00053629,Quality Inspection,21,0,Medium
DT00003005,DTE0002756,PR00053639,Changeover,3,1,Low
DT00003006,DTE0002757,PR00053685,Process Adjustment,13,0,Medium
DT00003007,DTE0002759,PR00053704,Changeover,24,1,Medium
DT00003008,DTE0002758,PR00053709,Quality Inspection,16,0,Medium
DT00003009,DTE0002760,PR00053723,Changeover,21,1,Medium
DT00003010,DTE0002761,PR00053747,Process Adjustment,22,0,Medium
DT00003011,DTE0002762,PR00053755,Quality Inspection,8,0,Low
DT00003012,DTE0002763,PR00053780,Quality Inspection,15,0,Medium
DT00003013,DTE0002764,PR00053806,Material Shortage,15,0,Medium
DT00003014,DTE0002765,PR00053835,Process Adjustment,4,0,Low
DT00003015,DTE0002766,PR00053872,Other,30,0,High
DT00003016,DTE0002767,PR00053887,Equipment Failure,3,0,Low
DT00003017,DTE0002768,PR00053933,Equipment Failure,6,0,Low
DT00003018,DTE0002769,PR00053947,Process Adjustment,12,0,Medium
DT00003019,DTE0002770,PR00053962,Changeover,19,1,Medium
DT00003020,DTE0002772,PR00053992,Changeover,30,1,High
DT00003021,DTE0002772,PR00053993,Changeover,2,1,Low
DT00003022,DTE0002771,PR00053996,Other,13,0,Medium
DT00003023,DTE0002773,PR00054005,Process Adjustment,9,0,Low
DT00003024,DTE0002774,PR00054027,Equipment Failure,5,0,Low
DT00003025,DTE0002776,PR00054040,Changeover,18,1,Medium
DT00003026,DTE0002775,PR00054043,Equipment Failure,6,0,Low
DT00003027,DTE0002777,PR00054082,Process Adjustment,8,0,Low
DT00003028,DTE0002778,PR00054086,Changeover,6,1,Low
DT00003029,DTE0002780,PR00054106,Changeover,17,1,Medium
DT00003030,DTE0002779,PR00054112,Other,11,0,Medium
DT00003031,DTE0002781,PR00054149,Equipment Failure,4,0,Low
DT00003032,DTE0002782,PR00054168,Equipment Failure,16,0,Medium
DT00003033,DTE0002783,PR00054189,Equipment Failure,19,0,Medium
DT00003034,DTE0002784,PR00054209,Changeover,9,1,Low
DT00003035,DTE0002786,PR00054232,Changeover,29,1,High
DT00003036,DTE0002785,PR00054236,Equipment Failure,16,0,Medium
DT00003037,DTE0002787,PR00054265,Changeover,14,1,Medium
DT00003038,DTE0002788,PR00054302,Other,15,0,Medium
DT00003039,DTE0002789,PR00054315,Planned Maintenance,3,1,Low
DT00003040,DTE0002791,PR00054315,Changeover,27,1,High
DT00003041,DTE0002791,PR00054316,Changeover,8,1,Low
DT00003042,DTE0002790,PR00054319,Equipment Failure,8,0,Low
DT00003043,DTE0002792,PR00054332,Material Shortage,14,0,Medium
DT00003044,DTE0002793,PR00054349,Quality Inspection,13,0,Medium
DT00003045,DTE0002794,PR00054356,Changeover,4,1,Low
DT00003046,DTE0002795,PR00054381,Changeover,4,1,Low
DT00003047,DTE0002796,PR00054398,Equipment Failure,11,0,Medium
DT00003048,DTE0002797,PR00054404,Material Shortage,3,0,Low
DT00003049,DTE0002798,PR00054420,Quality Inspection,16,0,Medium
DT00003050,DTE0002799,PR00054421,Equipment Failure,12,0,Medium
DT00003051,DTE0002800,PR00054447,Material Shortage,3,0,Low
DT00003052,DTE0002801,PR00054454,Planned Maintenance,7,1,Low
DT00003053,DTE0002803,PR00054488,Changeover,30,1,High
DT00003054,DTE0002803,PR00054489,Changeover,1,1,Low
DT00003055,DTE0002802,PR00054496,Quality Inspection,13,0,Medium
DT00003056,DTE0002804,PR00054503,Planned Maintenance,5,1,Low
DT00003057,DTE0002806,PR00054518,Planned Maintenance,19,1,Medium
DT00003058,DTE0002805,PR00054522,Changeover,11,1,Medium
DT00003059,DTE0002807,PR00054557,Planned Maintenance,11,1,Medium
DT00003060,DTE0002808,PR00054587,Changeover,23,1,Medium
DT00003061,DTE0002809,PR00054607,Planned Maintenance,10,1,Medium
DT00003062,DTE0002810,PR00054609,Changeover,8,1,Low
DT00003063,DTE0002811,PR00054633,Material Shortage,11,0,Medium
DT00003064,DTE0002812,PR00054650,Quality Inspection,7,0,Low
DT00003065,DTE0002813,PR00054677,Equipment Failure,24,0,Medium
DT00003066,DTE0002814,PR00054735,Quality Inspection,8,0,Low
DT00003067,DTE0002815,PR00054760,Changeover,9,1,Low
DT00003068,DTE0002816,PR00054802,Planned Maintenance,21,1,Medium
DT00003069,DTE0002817,PR00054827,Planned Maintenance,10,1,Medium
DT00003070,DTE0002818,PR00054837,Quality Inspection,11,0,Medium
DT00003071,DTE0002820,PR00054856,Changeover,30,1,High
DT00003072,DTE0002819,PR00054857,Changeover,5,1,Low
DT00003073,DTE0002820,PR00054857,Changeover,8,1,Low
DT00003074,DTE0002821,PR00054871,Planned Maintenance,4,1,Low
DT00003075,DTE0002822,PR00054925,Quality Inspection,4,0,Low
DT00003076,DTE0002823,PR00054969,Quality Inspection,12,0,Medium
DT00003077,DTE0002824,PR00055036,Equipment Failure,10,0,Medium
DT00003078,DTE0002825,PR00055042,Process Adjustment,12,0,Medium
DT00003079,DTE0002826,PR00055063,Changeover,10,1,Medium
DT00003080,DTE0002827,PR00055063,Changeover,13,1,Medium
DT00003081,DTE0002828,PR00055097,Quality Inspection,4,0,Low
DT00003082,DTE0002829,PR00055118,Planned Maintenance,14,1,Medium
DT00003083,DTE0002830,PR00055162,Material Shortage,6,0,Low
DT00003084,DTE0002831,PR00055164,Material Shortage,9,0,Low
DT00003085,DTE0002832,PR00055178,Planned Maintenance,5,1,Low
DT00003086,DTE0002833,PR00055186,Other,3,0,Low
DT00003087,DTE0002834,PR00055202,Material Shortage,13,0,Medium
DT00003088,DTE0002836,PR00055209,Changeover,16,1,Medium
DT00003089,DTE0002835,PR00055214,Process Adjustment,23,0,Medium
DT00003090,DTE0002837,PR00055260,Planned Maintenance,10,1,Medium
DT00003091,DTE0002838,PR00055279,Changeover,5,1,Low
DT00003092,DTE0002839,PR00055282,Material Shortage,20,0,Medium
DT00003093,DTE0002840,PR00055322,Planned Maintenance,3,1,Low
DT00003094,DTE0002841,PR00055365,Process Adjustment,5,0,Low
DT00003095,DTE0002842,PR00055432,Material Shortage,17,0,Medium
DT00003096,DTE0002843,PR00055455,Planned Maintenance,30,1,High
DT00003097,DTE0002843,PR00055456,Planned Maintenance,14,1,Medium
DT00003098,DTE0002844,PR00055488,Changeover,7,1,Low
DT00003099,DTE0002845,PR00055513,Changeover,30,1,High
DT00003100,DTE0002845,PR00055514,Changeover,5,1,Low
DT00003101,DTE0002846,PR00055536,Process Adjustment,30,0,High
DT00003102,DTE0002847,PR00055558,Process Adjustment,10,0,Medium
DT00003103,DTE0002848,PR00055575,Changeover,30,1,High
DT00003104,DTE0002848,PR00055576,Changeover,3,1,Low
DT00003105,DTE0002849,PR00055599,Planned Maintenance,5,1,Low
DT00003106,DTE0002850,PR00055612,Material Shortage,15,0,Medium
DT00003107,DTE0002851,PR00055634,Equipment Failure,9,0,Low
DT00003108,DTE0002852,PR00055641,Material Shortage,11,0,Medium
DT00003109,DTE0002853,PR00055655,Quality Inspection,30,0,High
DT00003110,DTE0002854,PR00055673,Process Adjustment,15,0,Medium
DT00003111,DTE0002857,PR00055691,Changeover,30,1,High
DT00003112,DTE0002857,PR00055692,Changeover,4,1,Low
DT00003113,DTE0002855,PR00055694,Equipment Failure,5,0,Low
DT00003114,DTE0002856,PR00055694,Process Adjustment,5,0,Low
DT00003115,DTE0002858,PR00055722,Material Shortage,8,0,Low
DT00003116,DTE0002859,PR00055738,Process Adjustment,8,0,Low
DT00003117,DTE0002860,PR00055749,Process Adjustment,4,0,Low
DT00003118,DTE0002861,PR00055775,Changeover,12,1,Medium
DT00003119,DTE0002862,PR00055779,Material Shortage,13,0,Medium
DT00003120,DTE0002863,PR00055805,Changeover,8,1,Low
DT00003121,DTE0002865,PR00055835,Changeover,17,1,Medium
DT00003122,DTE0002864,PR00055838,Process Adjustment,19,0,Medium
DT00003123,DTE0002866,PR00055846,Other,7,0,Low
DT00003124,DTE0002868,PR00055867,Changeover,29,1,High
DT00003125,DTE0002867,PR00055872,Quality Inspection,10,0,Medium
DT00003126,DTE0002869,PR00055919,Planned Maintenance,5,1,Low
DT00003127,DTE0002870,PR00055922,Equipment Failure,15,0,Medium
DT00003128,DTE0002872,PR00055947,Material Shortage,30,0,High
DT00003129,DTE0002871,PR00055950,Quality Inspection,3,0,Low
DT00003130,DTE0002873,PR00055955,Process Adjustment,11,0,Medium
DT00003131,DTE0002874,PR00055959,Changeover,30,1,High
DT00003132,DTE0002874,PR00055960,Changeover,2,1,Low
DT00003133,DTE0002876,PR00056002,Process Adjustment,9,0,Low
DT00003134,DTE0002875,PR00056015,Equipment Failure,7,0,Low
DT00003135,DTE0002877,PR00056026,Material Shortage,15,0,Medium
DT00003136,DTE0002878,PR00056045,Equipment Failure,4,0,Low
DT00003137,DTE0002879,PR00056092,Quality Inspection,10,0,Medium
DT00003138,DTE0002880,PR00056102,Process Adjustment,12,0,Medium
DT00003139,DTE0002881,PR00056119,Changeover,18,1,Medium
DT00003140,DTE0002882,PR00056139,Equipment Failure,10,0,Medium
DT00003141,DTE0002883,PR00056139,Changeover,20,1,Medium
DT00003142,DTE0002883,PR00056140,Changeover,9,1,Low
DT00003143,DTE0002884,PR00056148,Material Shortage,13,0,Medium
DT00003144,DTE0002885,PR00056165,Material Shortage,21,0,Medium
DT00003145,DTE0002886,PR00056219,Other,11,0,Medium
DT00003146,DTE0002887,PR00056235,Process Adjustment,15,0,Medium
DT00003147,DTE0002888,PR00056245,Process Adjustment,18,0,Medium
DT00003148,DTE0002889,PR00056272,Equipment Failure,27,0,High
DT00003149,DTE0002890,PR00056300,Planned Maintenance,17,1,Medium
DT00003150,DTE0002891,PR00056307,Changeover,13,1,Medium
DT00003151,DTE0002893,PR00056327,Changeover,21,1,Medium
DT00003152,DTE0002892,PR00056330,Changeover,14,1,Medium
DT00003153,DTE0002894,PR00056359,Changeover,9,1,Low
DT00003154,DTE0002895,PR00056415,Material Shortage,11,0,Medium
DT00003155,DTE0002896,PR00056417,Process Adjustment,5,0,Low
DT00003156,DTE0002897,PR00056440,Changeover,28,1,High
DT00003157,DTE0002898,PR00056472,Changeover,4,1,Low
DT00003158,DTE0002899,PR00056491,Other,6,0,Low
DT00003159,DTE0002900,PR00056516,Material Shortage,9,0,Low
DT00003160,DTE0002901,PR00056544,Material Shortage,9,0,Low
DT00003161,DTE0002903,PR00056550,Equipment Failure,14,0,Medium
DT00003162,DTE0002902,PR00056558,Planned Maintenance,13,1,Medium
DT00003163,DTE0002904,PR00056573,Changeover,7,1,Low
DT00003164,DTE0002905,PR00056630,Quality Inspection,9,0,Low
DT00003165,DTE0002906,PR00056635,Changeover,30,1,High
DT00003166,DTE0002906,PR00056636,Changeover,9,1,Low
DT00003167,DTE0002907,PR00056643,Material Shortage,3,0,Low
DT00003168,DTE0002908,PR00056674,Process Adjustment,3,0,Low
DT00003169,DTE0002909,PR00056686,Changeover,10,1,Medium
DT00003170,DTE0002911,PR00056698,Process Adjustment,30,0,High
DT00003171,DTE0002911,PR00056699,Process Adjustment,9,0,Low
DT00003172,DTE0002910,PR00056702,Planned Maintenance,9,1,Low
DT00003173,DTE0002912,PR00056714,Quality Inspection,4,0,Low
DT00003174,DTE0002913,PR00056727,Changeover,25,1,High
DT00003175,DTE0002914,PR00056750,Other,11,0,Medium
DT00003176,DTE0002915,PR00056776,Material Shortage,30,0,High
DT00003177,DTE0002915,PR00056777,Material Shortage,30,0,High
DT00003178,DTE0002915,PR00056778,Material Shortage,28,0,High
DT00003179,DTE0002916,PR00056794,Changeover,21,1,Medium
DT00003180,DTE0002917,PR00056830,Process Adjustment,21,0,Medium
DT00003181,DTE0002918,PR00056872,Quality Inspection,20,0,Medium
DT00003182,DTE0002919,PR00056903,Changeover,30,1,High
DT00003183,DTE0002919,PR00056904,Changeover,8,1,Low
DT00003184,DTE0002921,PR00056945,Other,8,0,Low
DT00003185,DTE0002920,PR00056949,Material Shortage,16,0,Medium
DT00003186,DTE0002922,PR00056961,Equipment Failure,4,0,Low
DT00003187,DTE0002923,PR00056963,Equipment Failure,5,0,Low
DT00003188,DTE0002924,PR00056999,Material Shortage,13,0,Medium
DT00003189,DTE0002925,PR00057000,Changeover,30,1,High
DT00003190,DTE0002926,PR00057014,Process Adjustment,10,0,Medium
DT00003191,DTE0002927,PR00057030,Material Shortage,6,0,Low
DT00003192,DTE0002929,PR00057041,Quality Inspection,7,0,Low
DT00003193,DTE0002928,PR00057052,Planned Maintenance,10,1,Medium
DT00003194,DTE0002930,PR00057063,Changeover,15,1,Medium
DT00003195,DTE0002931,PR00057080,Changeover,4,1,Low
DT00003196,DTE0002932,PR00057101,Quality Inspection,10,0,Medium
DT00003197,DTE0002933,PR00057108,Planned Maintenance,18,1,Medium
DT00003198,DTE0002934,PR00057125,Process Adjustment,9,0,Low
DT00003199,DTE0002935,PR00057137,Quality Inspection,16,0,Medium
DT00003200,DTE0002936,PR00057184,Planned Maintenance,3,1,Low
DT00003201,DTE0002937,PR00057196,Changeover,8,1,Low
DT00003202,DTE0002938,PR00057209,Equipment Failure,17,0,Medium
DT00003203,DTE0002939,PR00057260,Quality Inspection,23,0,Medium
DT00003204,DTE0002940,PR00057279,Equipment Failure,28,0,High
DT00003205,DTE0002941,PR00057288,Other,8,0,Low
DT00003206,DTE0002942,PR00057297,Equipment Failure,5,0,Low
DT00003207,DTE0002943,PR00057332,Changeover,5,1,Low
DT00003208,DTE0002944,PR00057369,Changeover,8,1,Low
DT00003209,DTE0002945,PR00057371,Changeover,22,1,Medium
DT00003210,DTE0002946,PR00057392,Changeover,3,1,Low
DT00003211,DTE0002947,PR00057402,Changeover,30,1,High
DT00003212,DTE0002947,PR00057403,Changeover,8,1,Low
DT00003213,DTE0002948,PR00057419,Material Shortage,4,0,Low
DT00003214,DTE0002949,PR00057430,Changeover,5,1,Low
DT00003215,DTE0002950,PR00057444,Equipment Failure,3,0,Low
DT00003216,DTE0002953,PR00057463,Changeover,22,1,Medium
DT00003217,DTE0002952,PR00057469,Equipment Failure,5,0,Low
DT00003218,DTE0002951,PR00057472,Equipment Failure,17,0,Medium
DT00003219,DTE0002954,PR00057491,Process Adjustment,13,0,Medium
DT00003220,DTE0002955,PR00057506,Changeover,7,1,Low
DT00003221,DTE0002956,PR00057511,Changeover,13,1,Medium
DT00003222,DTE0002957,PR00057529,Planned Maintenance,27,1,High
DT00003223,DTE0002958,PR00057537,Equipment Failure,7,0,Low
DT00003224,DTE0002959,PR00057560,Quality Inspection,5,0,Low
DT00003225,DTE0002960,PR00057575,Process Adjustment,4,0,Low
DT00003226,DTE0002961,PR00057589,Equipment Failure,30,0,High
DT00003227,DTE0002961,PR00057590,Equipment Failure,13,0,Medium
DT00003228,DTE0002962,PR00057609,Quality Inspection,5,0,Low
DT00003229,DTE0002963,PR00057654,Other,4,0,Low
DT00003230,DTE0002964,PR00057665,Changeover,4,1,Low
DT00003231,DTE0002965,PR00057685,Material Shortage,5,0,Low
DT00003232,DTE0002966,PR00057708,Material Shortage,3,0,Low
DT00003233,DTE0002967,PR00057734,Quality Inspection,8,0,Low
DT00003234,DTE0002968,PR00057746,Equipment Failure,8,0,Low
DT00003235,DTE0002969,PR00057753,Changeover,24,1,Medium
DT00003236,DTE0002970,PR00057774,Material Shortage,20,0,Medium
DT00003237,DTE0002971,PR00057779,Equipment Failure,3,0,Low
DT00003238,DTE0002972,PR00057801,Changeover,30,1,High
DT00003239,DTE0002972,PR00057802,Changeover,7,1,Low
DT00003240,DTE0002973,PR00057824,Process Adjustment,13,0,Medium
DT00003241,DTE0002974,PR00057835,Changeover,30,1,High
DT00003242,DTE0002974,PR00057836,Changeover,11,1,Medium
DT00003243,DTE0002975,PR00057854,Changeover,8,1,Low
DT00003244,DTE0002976,PR00057882,Changeover,9,1,Low
DT00003245,DTE0002977,PR00057905,Equipment Failure,14,0,Medium
DT00003246,DTE0002978,PR00057932,Process Adjustment,19,0,Medium
DT00003247,DTE0002979,PR00057947,Planned Maintenance,5,1,Low
DT00003248,DTE0002980,PR00057958,Equipment Failure,13,0,Medium
DT00003249,DTE0002981,PR00057987,Quality Inspection,3,0,Low
DT00003250,DTE0002983,PR00058002,Quality Inspection,17,0,Medium
DT00003251,DTE0002982,PR00058006,Equipment Failure,9,0,Low
DT00003252,DTE0002985,PR00058026,Changeover,30,1,High
DT00003253,DTE0002985,PR00058027,Changeover,2,1,Low
DT00003254,DTE0002984,PR00058029,Changeover,3,1,Low
DT00003255,DTE0002986,PR00058034,Equipment Failure,30,0,High
DT00003256,DTE0002987,PR00058054,Material Shortage,8,0,Low
DT00003257,DTE0002988,PR00058089,Changeover,18,1,Medium
DT00003258,DTE0002989,PR00058111,Quality Inspection,17,0,Medium
DT00003259,DTE0002990,PR00058132,Process Adjustment,7,0,Low
DT00003260,DTE0002991,PR00058155,Process Adjustment,14,0,Medium
DT00003261,DTE0002992,PR00058155,Changeover,16,1,Medium
DT00003262,DTE0002992,PR00058156,Changeover,2,1,Low
DT00003263,DTE0002993,PR00058176,Process Adjustment,14,0,Medium
DT00003264,DTE0002994,PR00058186,Process Adjustment,3,0,Low
DT00003265,DTE0002995,PR00058241,Material Shortage,11,0,Medium
DT00003266,DTE0002997,PR00058260,Equipment Failure,30,0,High
DT00003267,DTE0002997,PR00058261,Equipment Failure,4,0,Low
DT00003268,DTE0002996,PR00058271,Changeover,5,1,Low
DT00003269,DTE0002998,PR00058291,Quality Inspection,12,0,Medium
DT00003270,DTE0002999,PR00058318,Changeover,19,1,Medium
DT00003271,DTE0003000,PR00058328,Equipment Failure,3,0,Low
DT00003272,DTE0003002,PR00058346,Planned Maintenance,7,1,Low
DT00003273,DTE0003001,PR00058348,Equipment Failure,4,0,Low
DT00003274,DTE0003003,PR00058398,Equipment Failure,5,0,Low
DT00003275,DTE0003005,PR00058421,Equipment Failure,8,0,Low
DT00003276,DTE0003004,PR00058424,Planned Maintenance,14,1,Medium
DT00003277,DTE0003006,PR00058448,Process Adjustment,5,0,Low
DT00003278,DTE0003007,PR00058458,Equipment Failure,3,0,Low
DT00003279,DTE0003008,PR00058474,Process Adjustment,9,0,Low
DT00003280,DTE0003009,PR00058481,Equipment Failure,15,0,Medium
DT00003281,DTE0003010,PR00058519,Planned Maintenance,7,1,Low
DT00003282,DTE0003012,PR00058539,Changeover,16,1,Medium
DT00003283,DTE0003011,PR00058544,Process Adjustment,16,0,Medium
DT00003284,DTE0003015,PR00058551,Changeover,26,1,High
DT00003285,DTE0003013,PR00058554,Planned Maintenance,4,1,Low
DT00003286,DTE0003014,PR00058555,Changeover,3,1,Low
DT00003287,DTE0003016,PR00058575,Quality Inspection,30,0,High
DT00003288,DTE0003017,PR00058590,Quality Inspection,17,0,Medium
DT00003289,DTE0003018,PR00058602,Process Adjustment,10,0,Medium
DT00003290,DTE0003019,PR00058672,Changeover,10,1,Medium
DT00003291,DTE0003020,PR00058673,Process Adjustment,22,0,Medium
DT00003292,DTE0003021,PR00058695,Material Shortage,3,0,Low
DT00003293,DTE0003022,PR00058715,Equipment Failure,30,0,High
DT00003294,DTE0003022,PR00058716,Equipment Failure,29,0,High
DT00003295,DTE0003023,PR00058736,Process Adjustment,6,0,Low
DT00003296,DTE0003024,PR00058747,Planned Maintenance,12,1,Medium
DT00003297,DTE0003025,PR00058765,Material Shortage,18,0,Medium
DT00003298,DTE0003026,PR00058776,Changeover,30,1,High
DT00003299,DTE0003026,PR00058777,Changeover,8,1,Low
DT00003300,DTE0003027,PR00058795,Changeover,30,1,High
DT00003301,DTE0003027,PR00058796,Changeover,30,1,High
DT00003302,DTE0003027,PR00058797,Changeover,8,1,Low
DT00003303,DTE0003028,PR00058805,Changeover,14,1,Medium
DT00003304,DTE0003030,PR00058834,Material Shortage,6,0,Low
DT00003305,DTE0003029,PR00058839,Planned Maintenance,4,1,Low
DT00003306,DTE0003031,PR00058851,Planned Maintenance,6,1,Low
DT00003307,DTE0003032,PR00058867,Equipment Failure,11,0,Medium
DT00003308,DTE0003033,PR00058874,Changeover,30,1,High
DT00003309,DTE0003033,PR00058875,Changeover,4,1,Low
DT00003310,DTE0003034,PR00058885,Quality Inspection,7,0,Low
DT00003311,DTE0003035,PR00058925,Changeover,18,1,Medium
DT00003312,DTE0003036,PR00058937,Process Adjustment,8,0,Low
DT00003313,DTE0003038,PR00058946,Material Shortage,3,0,Low
DT00003314,DTE0003037,PR00058948,Quality Inspection,25,0,High
DT00003315,DTE0003039,PR00058955,Changeover,21,1,Medium
DT00003316,DTE0003040,PR00058965,Process Adjustment,7,0,Low
DT00003317,DTE0003041,PR00058979,Quality Inspection,8,0,Low
DT00003318,DTE0003042,PR00059013,Material Shortage,12,0,Medium
DT00003319,DTE0003044,PR00059047,Changeover,30,1,High
DT00003320,DTE0003044,PR00059048,Changeover,7,1,Low
DT00003321,DTE0003043,PR00059051,Planned Maintenance,3,1,Low
DT00003322,DTE0003046,PR00059064,Changeover,15,1,Medium
DT00003323,DTE0003045,PR00059066,Changeover,3,1,Low
DT00003324,DTE0003047,PR00059081,Changeover,30,1,High
DT00003325,DTE0003047,PR00059082,Changeover,4,1,Low
DT00003326,DTE0003048,PR00059094,Other,11,0,Medium
DT00003327,DTE0003049,PR00059112,Equipment Failure,12,0,Medium
DT00003328,DTE0003050,PR00059180,Material Shortage,21,0,Medium
DT00003329,DTE0003051,PR00059188,Changeover,7,1,Low
DT00003330,DTE0003052,PR00059214,Equipment Failure,4,0,Low
DT00003331,DTE0003053,PR00059214,Planned Maintenance,8,1,Low
DT00003332,DTE0003054,PR00059224,Process Adjustment,12,0,Medium
DT00003333,DTE0003055,PR00059292,Changeover,4,1,Low
DT00003334,DTE0003057,PR00059297,Quality Inspection,4,0,Low
DT00003335,DTE0003056,PR00059309,Process Adjustment,11,0,Medium
DT00003336,DTE0003058,PR00059323,Changeover,26,1,High
DT00003337,DTE0003059,PR00059330,Material Shortage,4,0,Low
DT00003338,DTE0003060,PR00059363,Equipment Failure,12,0,Medium
DT00003339,DTE0003061,PR00059383,Changeover,23,1,Medium
DT00003340,DTE0003062,PR00059412,Changeover,12,1,Medium
DT00003341,DTE0003063,PR00059418,Changeover,30,1,High
DT00003342,DTE0003063,PR00059419,Changeover,10,1,Medium
DT00003343,DTE0003064,PR00059450,Changeover,5,1,Low
DT00003344,DTE0003065,PR00059484,Changeover,21,1,Medium
DT00003345,DTE0003066,PR00059498,Quality Inspection,18,0,Medium
DT00003346,DTE0003067,PR00059522,Equipment Failure,25,0,High
DT00003347,DTE0003068,PR00059531,Changeover,22,1,Medium
DT00003348,DTE0003069,PR00059542,Planned Maintenance,11,1,Medium
DT00003349,DTE0003070,PR00059558,Changeover,7,1,Low
DT00003350,DTE0003071,PR00059562,Changeover,26,1,High
DT00003351,DTE0003073,PR00059575,Changeover,23,1,Medium
DT00003352,DTE0003072,PR00059583,Changeover,12,1,Medium
DT00003353,DTE0003074,PR00059592,Process Adjustment,11,0,Medium
DT00003354,DTE0003075,PR00059592,Changeover,19,1,Medium
DT00003355,DTE0003076,PR00059608,Equipment Failure,6,0,Low
DT00003356,DTE0003078,PR00059633,Equipment Failure,9,0,Low
DT00003357,DTE0003077,PR00059645,Equipment Failure,4,0,Low
DT00003358,DTE0003079,PR00059676,Changeover,17,1,Medium
DT00003359,DTE0003080,PR00059686,Quality Inspection,7,0,Low
DT00003360,DTE0003081,PR00059719,Material Shortage,30,0,High
DT00003361,DTE0003081,PR00059720,Material Shortage,5,0,Low
DT00003362,DTE0003082,PR00059736,Quality Inspection,3,0,Low
DT00003363,DTE0003083,PR00059770,Quality Inspection,3,0,Low
DT00003364,DTE0003084,PR00059780,Process Adjustment,7,0,Low
DT00003365,DTE0003085,PR00059821,Material Shortage,9,0,Low
DT00003366,DTE0003086,PR00059837,Material Shortage,25,0,High
DT00003367,DTE0003087,PR00059888,Process Adjustment,5,0,Low
DT00003368,DTE0003088,PR00059889,Other,6,0,Low
DT00003369,DTE0003089,PR00059890,Process Adjustment,20,0,Medium
DT00003370,DTE0003090,PR00059908,Material Shortage,5,0,Low
DT00003371,DTE0003091,PR00059945,Changeover,14,1,Medium
DT00003372,DTE0003092,PR00059953,Equipment Failure,3,0,Low
DT00003373,DTE0003093,PR00059976,Equipment Failure,14,0,Medium
DT00003374,DTE0003094,PR00059997,Quality Inspection,5,0,Low
DT00003375,DTE0003095,PR00060022,Quality Inspection,9,0,Low
DT00003376,DTE0003097,PR00060051,Equipment Failure,10,0,Medium
DT00003377,DTE0003096,PR00060057,Quality Inspection,8,0,Low
DT00003378,DTE0003098,PR00060068,Equipment Failure,8,0,Low
DT00003379,DTE0003099,PR00060100,Material Shortage,3,0,Low
DT00003380,DTE0003100,PR00060117,Process Adjustment,24,0,Medium
DT00003381,DTE0003102,PR00060133,Changeover,25,1,High
DT00003382,DTE0003101,PR00060140,Quality Inspection,3,0,Low
DT00003383,DTE0003103,PR00060152,Material Shortage,12,0,Medium
DT00003384,DTE0003104,PR00060167,Equipment Failure,10,0,Medium
DT00003385,DTE0003105,PR00060192,Planned Maintenance,19,1,Medium
DT00003386,DTE0003106,PR00060211,Equipment Failure,4,0,Low
DT00003387,DTE0003107,PR00060228,Process Adjustment,30,0,High
DT00003388,DTE0003107,PR00060229,Process Adjustment,22,0,Medium
DT00003389,DTE0003108,PR00060241,Process Adjustment,6,0,Low
DT00003390,DTE0003109,PR00060280,Planned Maintenance,30,1,High
DT00003391,DTE0003109,PR00060281,Planned Maintenance,5,1,Low
DT00003392,DTE0003110,PR00060298,Quality Inspection,6,0,Low
DT00003393,DTE0003111,PR00060322,Process Adjustment,17,0,Medium
DT00003394,DTE0003112,PR00060370,Process Adjustment,5,0,Low
DT00003395,DTE0003114,PR00060398,Equipment Failure,6,0,Low
DT00003396,DTE0003113,PR00060399,Changeover,29,1,High
DT00003397,DTE0003115,PR00060427,Quality Inspection,11,0,Medium
DT00003398,DTE0003116,PR00060452,Changeover,5,1,Low
DT00003399,DTE0003117,PR00060468,Equipment Failure,6,0,Low
DT00003400,DTE0003118,PR00060500,Changeover,4,1,Low
DT00003401,DTE0003119,PR00060529,Material Shortage,24,0,Medium
DT00003402,DTE0003120,PR00060599,Changeover,3,1,Low
DT00003403,DTE0003122,PR00060615,Changeover,14,1,Medium
DT00003404,DTE0003121,PR00060621,Equipment Failure,11,0,Medium
DT00003405,DTE0003124,PR00060628,Planned Maintenance,12,1,Medium
DT00003406,DTE0003123,PR00060639,Process Adjustment,25,0,High
DT00003407,DTE0003125,PR00060655,Quality Inspection,12,0,Medium
DT00003408,DTE0003126,PR00060671,Process Adjustment,5,0,Low
DT00003409,DTE0003127,PR00060680,Planned Maintenance,13,1,Medium
DT00003410,DTE0003128,PR00060714,Changeover,27,1,High
DT00003411,DTE0003129,PR00060736,Quality Inspection,7,0,Low
DT00003412,DTE0003130,PR00060737,Material Shortage,11,0,Medium
DT00003413,DTE0003131,PR00060760,Equipment Failure,8,0,Low
DT00003414,DTE0003132,PR00060772,Planned Maintenance,11,1,Medium
DT00003415,DTE0003133,PR00060801,Changeover,6,1,Low
DT00003416,DTE0003134,PR00060830,Equipment Failure,19,0,Medium
DT00003417,DTE0003135,PR00060871,Equipment Failure,25,0,High
DT00003418,DTE0003136,PR00060881,Other,8,0,Low
DT00003419,DTE0003137,PR00060910,Other,23,0,Medium
DT00003420,DTE0003138,PR00060923,Changeover,30,1,High
DT00003421,DTE0003138,PR00060924,Changeover,3,1,Low
DT00003422,DTE0003139,PR00060944,Planned Maintenance,14,1,Medium
DT00003423,DTE0003141,PR00060958,Planned Maintenance,3,1,Low
DT00003424,DTE0003140,PR00060960,Other,8,0,Low
DT00003425,DTE0003142,PR00060985,Equipment Failure,29,0,High
DT00003426,DTE0003143,PR00060986,Changeover,30,1,High
DT00003427,DTE0003144,PR00061014,Planned Maintenance,7,1,Low
DT00003428,DTE0003145,PR00061030,Planned Maintenance,10,1,Medium
DT00003429,DTE0003146,PR00061047,Changeover,19,1,Medium
DT00003430,DTE0003147,PR00061059,Equipment Failure,8,0,Low
DT00003431,DTE0003148,PR00061094,Equipment Failure,14,0,Medium
DT00003432,DTE0003149,PR00061106,Process Adjustment,11,0,Medium
DT00003433,DTE0003150,PR00061141,Material Shortage,13,0,Medium
DT00003434,DTE0003152,PR00061166,Equipment Failure,15,0,Medium
DT00003435,DTE0003151,PR00061167,Quality Inspection,30,0,High
DT00003436,DTE0003151,PR00061168,Quality Inspection,19,0,Medium
DT00003437,DTE0003153,PR00061169,Changeover,13,1,Medium
DT00003438,DTE0003154,PR00061208,Changeover,15,1,Medium
DT00003439,DTE0003155,PR00061246,Process Adjustment,30,0,High
DT00003440,DTE0003155,PR00061247,Process Adjustment,3,0,Low
DT00003441,DTE0003156,PR00061258,Equipment Failure,22,0,Medium
DT00003442,DTE0003157,PR00061302,Quality Inspection,7,0,Low
DT00003443,DTE0003158,PR00061325,Changeover,11,1,Medium
DT00003444,DTE0003159,PR00061341,Changeover,3,1,Low
DT00003445,DTE0003160,PR00061350,Quality Inspection,7,0,Low
DT00003446,DTE0003161,PR00061364,Changeover,6,1,Low
DT00003447,DTE0003162,PR00061383,Equipment Failure,4,0,Low
DT00003448,DTE0003163,PR00061435,Planned Maintenance,13,1,Medium
DT00003449,DTE0003164,PR00061470,Changeover,18,1,Medium
DT00003450,DTE0003165,PR00061473,Material Shortage,4,0,Low
DT00003451,DTE0003166,PR00061490,Quality Inspection,8,0,Low
DT00003452,DTE0003167,PR00061506,Quality Inspection,5,0,Low
DT00003453,DTE0003168,PR00061525,Equipment Failure,8,0,Low
DT00003454,DTE0003169,PR00061527,Changeover,19,1,Medium
DT00003455,DTE0003170,PR00061539,Changeover,15,1,Medium
DT00003456,DTE0003172,PR00061555,Material Shortage,27,0,High
DT00003457,DTE0003171,PR00061566,Quality Inspection,3,0,Low
DT00003458,DTE0003173,PR00061579,Changeover,5,1,Low
DT00003459,DTE0003174,PR00061585,Material Shortage,4,0,Low
DT00003460,DTE0003176,PR00061611,Process Adjustment,6,0,Low
DT00003461,DTE0003175,PR00061613,Process Adjustment,7,0,Low
DT00003462,DTE0003177,PR00061626,Material Shortage,21,0,Medium
DT00003463,DTE0003178,PR00061659,Material Shortage,8,0,Low
DT00003464,DTE0003179,PR00061675,Changeover,27,1,High
DT00003465,DTE0003180,PR00061691,Changeover,17,1,Medium
DT00003466,DTE0003181,PR00061698,Changeover,4,1,Low
DT00003467,DTE0003182,PR00061725,Changeover,24,1,Medium
DT00003468,DTE0003183,PR00061763,Planned Maintenance,12,1,Medium
DT00003469,DTE0003184,PR00061786,Other,4,0,Low
DT00003470,DTE0003185,PR00061793,Material Shortage,8,0,Low
DT00003471,DTE0003186,PR00061823,Changeover,3,1,Low
DT00003472,DTE0003187,PR00061829,Changeover,14,1,Medium
DT00003473,DTE0003188,PR00061849,Process Adjustment,7,0,Low
DT00003474,DTE0003189,PR00061923,Equipment Failure,10,0,Medium
DT00003475,DTE0003190,PR00061937,Equipment Failure,30,0,High
DT00003476,DTE0003190,PR00061938,Equipment Failure,7,0,Low
DT00003477,DTE0003191,PR00061960,Planned Maintenance,12,1,Medium
DT00003478,DTE0003192,PR00061982,Changeover,13,1,Medium
DT00003479,DTE0003193,PR00061991,Changeover,30,1,High
DT00003480,DTE0003193,PR00061992,Changeover,6,1,Low
DT00003481,DTE0003194,PR00062001,Process Adjustment,5,0,Low
DT00003482,DTE0003195,PR00062037,Equipment Failure,26,0,High
DT00003483,DTE0003196,PR00062048,Quality Inspection,12,0,Medium
DT00003484,DTE0003197,PR00062080,Equipment Failure,15,0,Medium
DT00003485,DTE0003198,PR00062113,Process Adjustment,10,0,Medium
DT00003486,DTE0003199,PR00062135,Equipment Failure,27,0,High
DT00003487,DTE0003200,PR00062187,Planned Maintenance,11,1,Medium
DT00003488,DTE0003201,PR00062200,Material Shortage,30,0,High
DT00003489,DTE0003201,PR00062201,Material Shortage,5,0,Low
DT00003490,DTE0003202,PR00062212,Process Adjustment,8,0,Low
DT00003491,DTE0003203,PR00062247,Changeover,16,1,Medium
DT00003492,DTE0003204,PR00062262,Changeover,12,1,Medium
DT00003493,DTE0003205,PR00062264,Changeover,30,1,High
DT00003494,DTE0003205,PR00062265,Changeover,9,1,Low
DT00003495,DTE0003206,PR00062287,Changeover,7,1,Low
DT00003496,DTE0003207,PR00062301,Quality Inspection,11,0,Medium
DT00003497,DTE0003208,PR00062320,Equipment Failure,10,0,Medium
DT00003498,DTE0003209,PR00062331,Quality Inspection,16,0,Medium
DT00003499,DTE0003210,PR00062377,Material Shortage,18,0,Medium
DT00003500,DTE0003211,PR00062400,Quality Inspection,30,0,High
DT00003501,DTE0003213,PR00062426,Changeover,26,1,High
DT00003502,DTE0003212,PR00062430,Planned Maintenance,8,1,Low
DT00003503,DTE0003214,PR00062446,Quality Inspection,14,0,Medium
DT00003504,DTE0003215,PR00062454,Equipment Failure,7,0,Low
DT00003505,DTE0003216,PR00062462,Equipment Failure,18,0,Medium
DT00003506,DTE0003217,PR00062479,Changeover,13,1,Medium
DT00003507,DTE0003218,PR00062497,Changeover,6,1,Low
DT00003508,DTE0003219,PR00062528,Process Adjustment,11,0,Medium
DT00003509,DTE0003220,PR00062544,Changeover,3,1,Low
DT00003510,DTE0003221,PR00062559,Quality Inspection,5,0,Low
DT00003511,DTE0003222,PR00062574,Process Adjustment,9,0,Low
DT00003512,DTE0003223,PR00062586,Planned Maintenance,4,1,Low
DT00003513,DTE0003224,PR00062600,Quality Inspection,3,0,Low
DT00003514,DTE0003225,PR00062611,Planned Maintenance,14,1,Medium
DT00003515,DTE0003226,PR00062666,Equipment Failure,16,0,Medium
DT00003516,DTE0003227,PR00062697,Other,10,0,Medium
DT00003517,DTE0003228,PR00062714,Other,21,0,Medium
DT00003518,DTE0003229,PR00062729,Process Adjustment,3,0,Low
DT00003519,DTE0003230,PR00062748,Equipment Failure,10,0,Medium
DT00003520,DTE0003231,PR00062766,Changeover,9,1,Low
DT00003521,DTE0003232,PR00062771,Other,10,0,Medium
DT00003522,DTE0003234,PR00062786,Planned Maintenance,7,1,Low
DT00003523,DTE0003233,PR00062793,Material Shortage,9,0,Low
DT00003524,DTE0003235,PR00062822,Process Adjustment,7,0,Low
DT00003525,DTE0003237,PR00062823,Changeover,21,1,Medium
DT00003526,DTE0003236,PR00062828,Changeover,17,1,Medium
DT00003527,DTE0003238,PR00062838,Process Adjustment,7,0,Low
DT00003528,DTE0003239,PR00062841,Planned Maintenance,9,1,Low
DT00003529,DTE0003240,PR00062872,Material Shortage,7,0,Low
DT00003530,DTE0003241,PR00062894,Planned Maintenance,5,1,Low
DT00003531,DTE0003242,PR00062906,Changeover,14,1,Medium
DT00003532,DTE0003243,PR00062921,Other,4,0,Low
DT00003533,DTE0003244,PR00062935,Material Shortage,19,0,Medium
DT00003534,DTE0003245,PR00062938,Changeover,25,1,High
DT00003535,DTE0003246,PR00062971,Quality Inspection,17,0,Medium
DT00003536,DTE0003247,PR00062977,Planned Maintenance,7,1,Low
DT00003537,DTE0003248,PR00063003,Quality Inspection,6,0,Low
DT00003538,DTE0003249,PR00063037,Quality Inspection,11,0,Medium
DT00003539,DTE0003250,PR00063053,Planned Maintenance,3,1,Low
DT00003540,DTE0003251,PR00063098,Other,7,0,Low
DT00003541,DTE0003253,PR00063177,Material Shortage,5,0,Low
DT00003542,DTE0003252,PR00063183,Process Adjustment,12,0,Medium
DT00003543,DTE0003254,PR00063186,Equipment Failure,16,0,Medium
DT00003544,DTE0003255,PR00063207,Quality Inspection,9,0,Low
DT00003545,DTE0003256,PR00063211,Changeover,30,1,High
DT00003546,DTE0003256,PR00063212,Changeover,5,1,Low
DT00003547,DTE0003257,PR00063227,Changeover,17,1,Medium
DT00003548,DTE0003258,PR00063253,Planned Maintenance,4,1,Low
DT00003549,DTE0003259,PR00063272,Material Shortage,8,0,Low
DT00003550,DTE0003260,PR00063300,Equipment Failure,6,0,Low
DT00003551,DTE0003261,PR00063325,Material Shortage,3,0,Low
DT00003552,DTE0003262,PR00063329,Changeover,11,1,Medium
DT00003553,DTE0003263,PR00063351,Quality Inspection,5,0,Low
DT00003554,DTE0003265,PR00063363,Planned Maintenance,4,1,Low
DT00003555,DTE0003264,PR00063368,Material Shortage,4,0,Low
DT00003556,DTE0003266,PR00063390,Process Adjustment,24,0,Medium
DT00003557,DTE0003267,PR00063396,Planned Maintenance,15,1,Medium
DT00003558,DTE0003268,PR00063411,Process Adjustment,10,0,Medium
DT00003559,DTE0003269,PR00063434,Material Shortage,19,0,Medium
DT00003560,DTE0003270,PR00063434,Equipment Failure,11,0,Medium
DT00003561,DTE0003271,PR00063500,Changeover,25,1,High
DT00003562,DTE0003272,PR00063504,Planned Maintenance,7,1,Low
DT00003563,DTE0003273,PR00063507,Changeover,9,1,Low
DT00003564,DTE0003274,PR00063536,Process Adjustment,8,0,Low
DT00003565,DTE0003275,PR00063539,Planned Maintenance,11,1,Medium
DT00003566,DTE0003276,PR00063600,Planned Maintenance,15,1,Medium
DT00003567,DTE0003277,PR00063612,Changeover,4,1,Low
DT00003568,DTE0003278,PR00063617,Other,15,0,Medium
DT00003569,DTE0003279,PR00063652,Quality Inspection,14,0,Medium
DT00003570,DTE0003280,PR00063658,Process Adjustment,30,0,High
DT00003571,DTE0003280,PR00063659,Process Adjustment,16,0,Medium
DT00003572,DTE0003281,PR00063674,Planned Maintenance,5,1,Low
DT00003573,DTE0003282,PR00063674,Changeover,25,1,High
DT00003574,DTE0003283,PR00063708,Process Adjustment,4,0,Low
DT00003575,DTE0003284,PR00063726,Planned Maintenance,4,1,Low
DT00003576,DTE0003285,PR00063776,Process Adjustment,5,0,Low
DT00003577,DTE0003286,PR00063780,Material Shortage,6,0,Low
DT00003578,DTE0003287,PR00063784,Changeover,30,1,High
DT00003579,DTE0003287,PR00063785,Changeover,7,1,Low
DT00003580,DTE0003288,PR00063803,Changeover,29,1,High
DT00003581,DTE0003289,PR00063817,Equipment Failure,13,0,Medium
DT00003582,DTE0003290,PR00063820,Other,5,0,Low
DT00003583,DTE0003291,PR00063855,Quality Inspection,13,0,Medium
DT00003584,DTE0003292,PR00063882,Equipment Failure,8,0,Low
DT00003585,DTE0003293,PR00063891,Equipment Failure,3,0,Low
DT00003586,DTE0003294,PR00063916,Changeover,5,1,Low
DT00003587,DTE0003295,PR00063929,Changeover,4,1,Low
DT00003588,DTE0003296,PR00063937,Process Adjustment,6,0,Low
DT00003589,DTE0003298,PR00063961,Changeover,13,1,Medium
DT00003590,DTE0003297,PR00063963,Other,11,0,Medium
DT00003591,DTE0003299,PR00063980,Quality Inspection,7,0,Low
DT00003592,DTE0003300,PR00063995,Process Adjustment,4,0,Low
DT00003593,DTE0003301,PR00064006,Equipment Failure,18,0,Medium
DT00003594,DTE0003302,PR00064009,Changeover,28,1,High
DT00003595,DTE0003303,PR00064034,Changeover,3,1,Low
DT00003596,DTE0003305,PR00064052,Changeover,3,1,Low
DT00003597,DTE0003304,PR00064058,Equipment Failure,30,0,High
DT00003598,DTE0003304,PR00064059,Equipment Failure,5,0,Low
DT00003599,DTE0003306,PR00064069,Material Shortage,4,0,Low
DT00003600,DTE0003307,PR00064081,Material Shortage,16,0,Medium
DT00003601,DTE0003308,PR00064099,Quality Inspection,5,0,Low
DT00003602,DTE0003309,PR00064119,Quality Inspection,18,0,Medium
DT00003603,DTE0003310,PR00064162,Other,13,0,Medium
DT00003604,DTE0003311,PR00064183,Changeover,25,1,High
DT00003605,DTE0003312,PR00064199,Changeover,12,1,Medium
DT00003606,DTE0003313,PR00064209,Planned Maintenance,12,1,Medium
DT00003607,DTE0003314,PR00064225,Equipment Failure,19,0,Medium
DT00003608,DTE0003315,PR00064232,Changeover,30,1,High
DT00003609,DTE0003315,PR00064233,Changeover,8,1,Low
DT00003610,DTE0003317,PR00064248,Process Adjustment,10,0,Medium
DT00003611,DTE0003316,PR00064251,Material Shortage,20,0,Medium
DT00003612,DTE0003319,PR00064284,Material Shortage,3,0,Low
DT00003613,DTE0003318,PR00064287,Changeover,14,1,Medium
DT00003614,DTE0003320,PR00064316,Other,10,0,Medium
DT00003615,DTE0003322,PR00064330,Changeover,30,1,High
DT00003616,DTE0003322,PR00064331,Changeover,7,1,Low
DT00003617,DTE0003321,PR00064336,Process Adjustment,3,0,Low
DT00003618,DTE0003323,PR00064375,Quality Inspection,12,0,Medium
DT00003619,DTE0003324,PR00064387,Material Shortage,11,0,Medium
DT00003620,DTE0003325,PR00064390,Process Adjustment,5,0,Low
DT00003621,DTE0003326,PR00064408,Process Adjustment,10,0,Medium
DT00003622,DTE0003327,PR00064432,Process Adjustment,8,0,Low
DT00003623,DTE0003328,PR00064442,Planned Maintenance,12,1,Medium
DT00003624,DTE0003329,PR00064478,Process Adjustment,18,0,Medium
DT00003625,DTE0003330,PR00064491,Process Adjustment,7,0,Low
DT00003626,DTE0003331,PR00064511,Process Adjustment,13,0,Medium
DT00003627,DTE0003332,PR00064538,Changeover,8,1,Low
DT00003628,DTE0003333,PR00064555,Changeover,28,1,High
DT00003629,DTE0003334,PR00064619,Process Adjustment,13,0,Medium
DT00003630,DTE0003335,PR00064620,Equipment Failure,15,0,Medium
DT00003631,DTE0003336,PR00064660,Other,4,0,Low
DT00003632,DTE0003338,PR00064678,Process Adjustment,8,0,Low
DT00003633,DTE0003337,PR00064688,Material Shortage,6,0,Low
DT00003634,DTE0003339,PR00064699,Quality Inspection,14,0,Medium
DT00003635,DTE0003340,PR00064745,Changeover,13,1,Medium
DT00003636,DTE0003341,PR00064758,Equipment Failure,20,0,Medium
DT00003637,DTE0003342,PR00064763,Changeover,27,1,High
DT00003638,DTE0003343,PR00064778,Changeover,10,1,Medium
DT00003639,DTE0003344,PR00064807,Equipment Failure,6,0,Low
DT00003640,DTE0003345,PR00064829,Planned Maintenance,14,1,Medium
DT00003641,DTE0003346,PR00064857,Quality Inspection,5,0,Low
DT00003642,DTE0003347,PR00064870,Process Adjustment,15,0,Medium
DT00003643,DTE0003348,PR00064894,Material Shortage,7,0,Low
DT00003644,DTE0003349,PR00064921,Equipment Failure,23,0,Medium
DT00003645,DTE0003350,PR00064930,Planned Maintenance,7,1,Low
DT00003646,DTE0003351,PR00064932,Material Shortage,4,0,Low
DT00003647,DTE0003352,PR00064957,Material Shortage,3,0,Low
DT00003648,DTE0003353,PR00064992,Changeover,9,1,Low
DT00003649,DTE0003354,PR00064993,Changeover,8,1,Low
DT00003650,DTE0003355,PR00064999,Changeover,30,1,High
DT00003651,DTE0003355,PR00065000,Changeover,9,1,Low
DT00003652,DTE0003356,PR00065021,Equipment Failure,13,0,Medium
DT00003653,DTE0003357,PR00065034,Process Adjustment,14,0,Medium
DT00003654,DTE0003358,PR00065062,Quality Inspection,13,0,Medium
DT00003655,DTE0003359,PR00065084,Quality Inspection,20,0,Medium
DT00003656,DTE0003360,PR00065095,Material Shortage,6,0,Low
DT00003657,DTE0003361,PR00065113,Quality Inspection,21,0,Medium
DT00003658,DTE0003362,PR00065113,Process Adjustment,9,0,Low
DT00003659,DTE0003361,PR00065114,Quality Inspection,24,0,Medium
DT00003660,DTE0003363,PR00065133,Quality Inspection,30,0,High
DT00003661,DTE0003364,PR00065140,Planned Maintenance,11,1,Medium
DT00003662,DTE0003365,PR00065152,Quality Inspection,14,0,Medium
DT00003663,DTE0003366,PR00065160,Equipment Failure,12,0,Medium
DT00003664,DTE0003367,PR00065182,Changeover,5,1,Low
DT00003665,DTE0003368,PR00065186,Equipment Failure,7,0,Low
DT00003666,DTE0003369,PR00065214,Planned Maintenance,17,1,Medium
DT00003667,DTE0003370,PR00065221,Material Shortage,7,0,Low
DT00003668,DTE0003371,PR00065263,Changeover,10,1,Medium
DT00003669,DTE0003372,PR00065270,Equipment Failure,3,0,Low
DT00003670,DTE0003373,PR00065325,Material Shortage,5,0,Low
DT00003671,DTE0003374,PR00065355,Equipment Failure,3,0,Low
DT00003672,DTE0003375,PR00065382,Quality Inspection,5,0,Low
DT00003673,DTE0003376,PR00065393,Other,3,0,Low
DT00003674,DTE0003377,PR00065423,Quality Inspection,5,0,Low
DT00003675,DTE0003378,PR00065425,Process Adjustment,3,0,Low
DT00003676,DTE0003379,PR00065437,Material Shortage,3,0,Low
DT00003677,DTE0003380,PR00065449,Material Shortage,17,0,Medium
DT00003678,DTE0003381,PR00065480,Changeover,21,1,Medium
DT00003679,DTE0003382,PR00065522,Process Adjustment,4,0,Low
DT00003680,DTE0003383,PR00065542,Process Adjustment,5,0,Low
DT00003681,DTE0003384,PR00065556,Planned Maintenance,7,1,Low
DT00003682,DTE0003386,PR00065573,Planned Maintenance,3,1,Low
DT00003683,DTE0003385,PR00065580,Material Shortage,30,0,High
DT00003684,DTE0003387,PR00065605,Quality Inspection,3,0,Low
DT00003685,DTE0003388,PR00065621,Planned Maintenance,9,1,Low
DT00003686,DTE0003390,PR00065643,Process Adjustment,10,0,Medium
DT00003687,DTE0003389,PR00065645,Material Shortage,3,0,Low
DT00003688,DTE0003391,PR00065661,Process Adjustment,9,0,Low
DT00003689,DTE0003392,PR00065673,Process Adjustment,8,0,Low
DT00003690,DTE0003393,PR00065692,Material Shortage,4,0,Low
DT00003691,DTE0003394,PR00065723,Process Adjustment,6,0,Low
DT00003692,DTE0003396,PR00065736,Changeover,12,1,Medium
DT00003693,DTE0003395,PR00065738,Changeover,21,1,Medium
DT00003694,DTE0003397,PR00065748,Equipment Failure,10,0,Medium
DT00003695,DTE0003398,PR00065764,Other,22,0,Medium
DT00003696,DTE0003399,PR00065778,Material Shortage,3,0,Low
DT00003697,DTE0003400,PR00065816,Equipment Failure,6,0,Low
DT00003698,DTE0003402,PR00065816,Changeover,24,1,Medium
DT00003699,DTE0003401,PR00065817,Equipment Failure,7,0,Low
DT00003700,DTE0003402,PR00065817,Changeover,7,1,Low
DT00003701,DTE0003403,PR00065833,Equipment Failure,14,0,Medium
DT00003702,DTE0003404,PR00065855,Material Shortage,15,0,Medium
DT00003703,DTE0003405,PR00065866,Changeover,22,1,Medium
DT00003704,DTE0003406,PR00065896,Other,4,0,Low
DT00003705,DTE0003407,PR00065928,Process Adjustment,4,0,Low
DT00003706,DTE0003408,PR00065961,Equipment Failure,8,0,Low
DT00003707,DTE0003409,PR00065972,Process Adjustment,5,0,Low
DT00003708,DTE0003410,PR00065985,Process Adjustment,10,0,Medium
DT00003709,DTE0003411,PR00066012,Changeover,17,1,Medium
DT00003710,DTE0003412,PR00066013,Equipment Failure,7,0,Low
DT00003711,DTE0003413,PR00066032,Material Shortage,26,0,High
DT00003712,DTE0003414,PR00066046,Quality Inspection,18,0,Medium
DT00003713,DTE0003415,PR00066055,Equipment Failure,16,0,Medium
DT00003714,DTE0003416,PR00066056,Process Adjustment,5,0,Low
DT00003715,DTE0003417,PR00066070,Material Shortage,15,0,Medium
DT00003716,DTE0003418,PR00066085,Material Shortage,7,0,Low
DT00003717,DTE0003419,PR00066103,Changeover,24,1,Medium
DT00003718,DTE0003420,PR00066118,Changeover,6,1,Low
DT00003719,DTE0003422,PR00066135,Changeover,16,1,Medium
DT00003720,DTE0003421,PR00066137,Quality Inspection,9,0,Low
DT00003721,DTE0003423,PR00066174,Equipment Failure,17,0,Medium
DT00003722,DTE0003424,PR00066189,Material Shortage,13,0,Medium
DT00003723,DTE0003425,PR00066194,Equipment Failure,19,0,Medium
DT00003724,DTE0003426,PR00066215,Changeover,8,1,Low
DT00003725,DTE0003427,PR00066266,Process Adjustment,9,0,Low
DT00003726,DTE0003428,PR00066292,Quality Inspection,15,0,Medium
DT00003727,DTE0003429,PR00066309,Changeover,18,1,Medium
DT00003728,DTE0003430,PR00066335,Material Shortage,8,0,Low
DT00003729,DTE0003431,PR00066341,Process Adjustment,12,0,Medium
DT00003730,DTE0003432,PR00066359,Equipment Failure,18,0,Medium
DT00003731,DTE0003433,PR00066362,Changeover,30,1,High
DT00003732,DTE0003433,PR00066363,Changeover,10,1,Medium
DT00003733,DTE0003434,PR00066369,Changeover,14,1,Medium
DT00003734,DTE0003435,PR00066387,Other,9,0,Low
DT00003735,DTE0003437,PR00066408,Changeover,30,1,High
DT00003736,DTE0003437,PR00066409,Changeover,4,1,Low
DT00003737,DTE0003436,PR00066410,Process Adjustment,16,0,Medium
DT00003738,DTE0003438,PR00066424,Other,6,0,Low
DT00003739,DTE0003439,PR00066444,Quality Inspection,30,0,High
DT00003740,DTE0003439,PR00066445,Quality Inspection,1,0,Low
DT00003741,DTE0003440,PR00066471,Process Adjustment,26,0,High
DT00003742,DTE0003441,PR00066492,Material Shortage,20,0,Medium
DT00003743,DTE0003442,PR00066500,Equipment Failure,16,0,Medium
DT00003744,DTE0003443,PR00066529,Process Adjustment,9,0,Low
DT00003745,DTE0003444,PR00066549,Material Shortage,13,0,Medium
DT00003746,DTE0003445,PR00066589,Planned Maintenance,21,1,Medium
DT00003747,DTE0003446,PR00066595,Changeover,13,1,Medium
DT00003748,DTE0003447,PR00066637,Changeover,5,1,Low
DT00003749,DTE0003448,PR00066655,Changeover,10,1,Medium
DT00003750,DTE0003449,PR00066668,Other,30,0,High
DT00003751,DTE0003449,PR00066669,Other,1,0,Low
DT00003752,DTE0003450,PR00066691,Equipment Failure,3,0,Low
DT00003753,DTE0003451,PR00066712,Changeover,24,1,Medium
DT00003754,DTE0003452,PR00066735,Changeover,6,1,Low
DT00003755,DTE0003453,PR00066748,Changeover,10,1,Medium
DT00003756,DTE0003454,PR00066792,Planned Maintenance,9,1,Low
DT00003757,DTE0003455,PR00066800,Process Adjustment,11,0,Medium
DT00003758,DTE0003456,PR00066818,Equipment Failure,11,0,Medium
DT00003759,DTE0003457,PR00066847,Planned Maintenance,3,1,Low
DT00003760,DTE0003458,PR00066891,Changeover,9,1,Low
DT00003761,DTE0003460,PR00066904,Changeover,24,1,Medium
DT00003762,DTE0003459,PR00066911,Material Shortage,5,0,Low
DT00003763,DTE0003461,PR00066937,Changeover,11,1,Medium
DT00003764,DTE0003462,PR00066952,Changeover,23,1,Medium
DT00003765,DTE0003463,PR00066984,Equipment Failure,3,0,Low
DT00003766,DTE0003464,PR00067000,Material Shortage,12,0,Medium
DT00003767,DTE0003465,PR00067011,Process Adjustment,14,0,Medium
DT00003768,DTE0003466,PR00067014,Changeover,5,1,Low
DT00003769,DTE0003467,PR00067030,Other,13,0,Medium
DT00003770,DTE0003468,PR00067035,Changeover,24,1,Medium
DT00003771,DTE0003469,PR00067050,Changeover,30,1,High
DT00003772,DTE0003469,PR00067051,Changeover,4,1,Low
DT00003773,DTE0003470,PR00067086,Process Adjustment,12,0,Medium
DT00003774,DTE0003471,PR00067101,Equipment Failure,15,0,Medium
DT00003775,DTE0003472,PR00067134,Material Shortage,30,0,High
DT00003776,DTE0003472,PR00067135,Material Shortage,30,0,High
DT00003777,DTE0003472,PR00067136,Material Shortage,28,0,High
DT00003778,DTE0003473,PR00067159,Equipment Failure,10,0,Medium
DT00003779,DTE0003474,PR00067176,Quality Inspection,9,0,Low
DT00003780,DTE0003475,PR00067198,Changeover,11,1,Medium
DT00003781,DTE0003476,PR00067222,Changeover,6,1,Low
DT00003782,DTE0003478,PR00067250,Quality Inspection,27,0,High
DT00003783,DTE0003477,PR00067256,Other,13,0,Medium
DT00003784,DTE0003479,PR00067273,Equipment Failure,20,0,Medium
DT00003785,DTE0003480,PR00067281,Quality Inspection,9,0,Low
DT00003786,DTE0003481,PR00067301,Process Adjustment,6,0,Low
DT00003787,DTE0003482,PR00067319,Other,13,0,Medium
DT00003788,DTE0003484,PR00067338,Changeover,23,1,Medium
DT00003789,DTE0003483,PR00067340,Material Shortage,20,0,Medium
DT00003790,DTE0003485,PR00067352,Changeover,5,1,Low
DT00003791,DTE0003486,PR00067367,Equipment Failure,23,0,Medium
DT00003792,DTE0003487,PR00067396,Material Shortage,4,0,Low
DT00003793,DTE0003488,PR00067413,Process Adjustment,19,0,Medium
DT00003794,DTE0003490,PR00067432,Changeover,13,1,Medium
DT00003795,DTE0003489,PR00067438,Equipment Failure,3,0,Low
DT00003796,DTE0003491,PR00067449,Equipment Failure,4,0,Low
DT00003797,DTE0003492,PR00067484,Equipment Failure,5,0,Low
DT00003798,DTE0003493,PR00067497,Changeover,18,1,Medium
DT00003799,DTE0003494,PR00067516,Equipment Failure,12,0,Medium
DT00003800,DTE0003495,PR00067546,Process Adjustment,5,0,Low
DT00003801,DTE0003496,PR00067584,Material Shortage,18,0,Medium
DT00003802,DTE0003497,PR00067605,Changeover,7,1,Low
DT00003803,DTE0003498,PR00067620,Process Adjustment,30,0,High
DT00003804,DTE0003498,PR00067621,Process Adjustment,9,0,Low
DT00003805,DTE0003499,PR00067623,Changeover,29,1,High
DT00003806,DTE0003500,PR00067625,Changeover,30,1,High
DT00003807,DTE0003500,PR00067626,Changeover,9,1,Low
DT00003808,DTE0003501,PR00067644,Process Adjustment,10,0,Medium
DT00003809,DTE0003502,PR00067656,Planned Maintenance,15,1,Medium
DT00003810,DTE0003503,PR00067672,Equipment Failure,4,0,Low
DT00003811,DTE0003504,PR00067712,Changeover,11,1,Medium
DT00003812,DTE0003506,PR00067715,Quality Inspection,30,0,High
DT00003813,DTE0003506,PR00067716,Quality Inspection,20,0,Medium
DT00003814,DTE0003505,PR00067727,Equipment Failure,8,0,Low
DT00003815,DTE0003507,PR00067730,Process Adjustment,12,0,Medium
DT00003816,DTE0003508,PR00067755,Quality Inspection,6,0,Low
DT00003817,DTE0003509,PR00067755,Changeover,24,1,Medium
DT00003818,DTE0003509,PR00067756,Changeover,9,1,Low
DT00003819,DTE0003510,PR00067776,Quality Inspection,7,0,Low
DT00003820,DTE0003511,PR00067803,Quality Inspection,30,0,High
DT00003821,DTE0003511,PR00067804,Quality Inspection,19,0,Medium
DT00003822,DTE0003512,PR00067819,Process Adjustment,4,0,Low
DT00003823,DTE0003513,PR00067841,Material Shortage,5,0,Low
DT00003824,DTE0003514,PR00067885,Equipment Failure,15,0,Medium
DT00003825,DTE0003515,PR00067902,Equipment Failure,3,0,Low
DT00003826,DTE0003516,PR00067912,Process Adjustment,11,0,Medium
DT00003827,DTE0003517,PR00067915,Changeover,14,1,Medium
DT00003828,DTE0003518,PR00067930,Other,25,0,High
DT00003829,DTE0003520,PR00067944,Changeover,23,1,Medium
DT00003830,DTE0003519,PR00067950,Equipment Failure,16,0,Medium
DT00003831,DTE0003521,PR00067966,Changeover,5,1,Low
DT00003832,DTE0003522,PR00067970,Material Shortage,9,0,Low
DT00003833,DTE0003523,PR00067973,Process Adjustment,3,0,Low
DT00003834,DTE0003524,PR00067991,Quality Inspection,6,0,Low
DT00003835,DTE0003527,PR00068024,Changeover,22,1,Medium
DT00003836,DTE0003526,PR00068029,Process Adjustment,12,0,Medium
DT00003837,DTE0003525,PR00068031,Changeover,30,1,High
DT00003838,DTE0003525,PR00068032,Changeover,30,1,High
DT00003839,DTE0003528,PR00068069,Planned Maintenance,8,1,Low
DT00003840,DTE0003529,PR00068071,Changeover,16,1,Medium
DT00003841,DTE0003530,PR00068101,Material Shortage,6,0,Low
DT00003842,DTE0003531,PR00068113,Planned Maintenance,6,1,Low
DT00003843,DTE0003532,PR00068155,Process Adjustment,11,0,Medium
DT00003844,DTE0003533,PR00068171,Planned Maintenance,9,1,Low
DT00003845,DTE0003534,PR00068181,Changeover,11,1,Medium
DT00003846,DTE0003535,PR00068182,Quality Inspection,13,0,Medium
DT00003847,DTE0003536,PR00068186,Changeover,29,1,High
DT00003848,DTE0003537,PR00068203,Equipment Failure,6,0,Low
DT00003849,DTE0003538,PR00068214,Other,5,0,Low
DT00003850,DTE0003539,PR00068242,Material Shortage,9,0,Low
DT00003851,DTE0003540,PR00068267,Process Adjustment,22,0,Medium
DT00003852,DTE0003541,PR00068295,Quality Inspection,18,0,Medium
DT00003853,DTE0003542,PR00068313,Planned Maintenance,10,1,Medium
DT00003854,DTE0003543,PR00068330,Planned Maintenance,6,1,Low
DT00003855,DTE0003544,PR00068377,Planned Maintenance,6,1,Low
DT00003856,DTE0003545,PR00068409,Equipment Failure,17,0,Medium
DT00003857,DTE0003547,PR00068437,Changeover,28,1,High
DT00003858,DTE0003546,PR00068447,Changeover,6,1,Low
DT00003859,DTE0003548,PR00068465,Planned Maintenance,14,1,Medium
DT00003860,DTE0003549,PR00068486,Equipment Failure,13,0,Medium
DT00003861,DTE0003550,PR00068516,Changeover,11,1,Medium
DT00003862,DTE0003551,PR00068520,Changeover,27,1,High
DT00003863,DTE0003553,PR00068535,Changeover,23,1,Medium
DT00003864,DTE0003552,PR00068537,Planned Maintenance,3,1,Low
DT00003865,DTE0003554,PR00068595,Quality Inspection,11,0,Medium
DT00003866,DTE0003555,PR00068618,Equipment Failure,6,0,Low
DT00003867,DTE0003556,PR00068631,Changeover,10,1,Medium
DT00003868,DTE0003557,PR00068672,Changeover,9,1,Low
DT00003869,DTE0003558,PR00068680,Changeover,26,1,High
DT00003870,DTE0003559,PR00068698,Changeover,4,1,Low
DT00003871,DTE0003560,PR00068720,Planned Maintenance,5,1,Low
DT00003872,DTE0003561,PR00068726,Equipment Failure,9,0,Low
DT00003873,DTE0003562,PR00068742,Other,5,0,Low
DT00003874,DTE0003563,PR00068755,Quality Inspection,3,0,Low
DT00003875,DTE0003564,PR00068790,Changeover,12,1,Medium
DT00003876,DTE0003566,PR00068808,Changeover,29,1,High
DT00003877,DTE0003565,PR00068809,Process Adjustment,12,0,Medium
DT00003878,DTE0003567,PR00068821,Quality Inspection,16,0,Medium
DT00003879,DTE0003568,PR00068825,Changeover,30,1,High
DT00003880,DTE0003568,PR00068826,Changeover,3,1,Low
DT00003881,DTE0003570,PR00068843,Equipment Failure,10,0,Medium
DT00003882,DTE0003569,PR00068845,Material Shortage,12,0,Medium
DT00003883,DTE0003571,PR00068874,Process Adjustment,30,0,High
DT00003884,DTE0003571,PR00068875,Process Adjustment,2,0,Low
DT00003885,DTE0003572,PR00068876,Quality Inspection,19,0,Medium
DT00003886,DTE0003573,PR00068940,Quality Inspection,7,0,Low
DT00003887,DTE0003575,PR00068952,Changeover,15,1,Medium
DT00003888,DTE0003574,PR00068960,Process Adjustment,12,0,Medium
DT00003889,DTE0003576,PR00068963,Changeover,22,1,Medium
DT00003890,DTE0003577,PR00068982,Equipment Failure,19,0,Medium
DT00003891,DTE0003578,PR00069005,Equipment Failure,3,0,Low
DT00003892,DTE0003579,PR00069012,Equipment Failure,4,0,Low
DT00003893,DTE0003580,PR00069053,Equipment Failure,23,0,Medium
DT00003894,DTE0003581,PR00069118,Changeover,12,1,Medium
DT00003895,DTE0003582,PR00069160,Planned Maintenance,18,1,Medium
DT00003896,DTE0003583,PR00069170,Equipment Failure,6,0,Low
DT00003897,DTE0003584,PR00069192,Other,24,0,Medium
DT00003898,DTE0003585,PR00069216,Material Shortage,3,0,Low
DT00003899,DTE0003586,PR00069217,Quality Inspection,11,0,Medium
DT00003900,DTE0003587,PR00069236,Quality Inspection,12,0,Medium
DT00003901,DTE0003588,PR00069270,Process Adjustment,9,0,Low
DT00003902,DTE0003589,PR00069281,Changeover,7,1,Low
DT00003903,DTE0003590,PR00069306,Process Adjustment,5,0,Low
DT00003904,DTE0003591,PR00069316,Equipment Failure,18,0,Medium
DT00003905,DTE0003592,PR00069331,Material Shortage,18,0,Medium
DT00003906,DTE0003593,PR00069335,Changeover,30,1,High
DT00003907,DTE0003593,PR00069336,Changeover,4,1,Low
DT00003908,DTE0003594,PR00069352,Other,4,0,Low
DT00003909,DTE0003595,PR00069354,Changeover,30,1,High
DT00003910,DTE0003595,PR00069355,Changeover,5,1,Low
DT00003911,DTE0003596,PR00069386,Material Shortage,10,0,Medium
DT00003912,DTE0003597,PR00069402,Changeover,30,1,High
DT00003913,DTE0003598,PR00069437,Planned Maintenance,30,1,High
DT00003914,DTE0003599,PR00069448,Material Shortage,13,0,Medium
DT00003915,DTE0003600,PR00069463,Changeover,10,1,Medium
DT00003916,DTE0003601,PR00069486,Changeover,10,1,Medium
DT00003917,DTE0003602,PR00069497,Quality Inspection,13,0,Medium
DT00003918,DTE0003603,PR00069519,Material Shortage,12,0,Medium
DT00003919,DTE0003604,PR00069534,Equipment Failure,12,0,Medium
DT00003920,DTE0003605,PR00069563,Quality Inspection,9,0,Low
DT00003921,DTE0003606,PR00069604,Changeover,6,1,Low
DT00003922,DTE0003607,PR00069620,Equipment Failure,20,0,Medium
DT00003923,DTE0003608,PR00069637,Process Adjustment,5,0,Low
DT00003924,DTE0003609,PR00069656,Equipment Failure,4,0,Low
DT00003925,DTE0003610,PR00069682,Planned Maintenance,7,1,Low
DT00003926,DTE0003611,PR00069705,Changeover,10,1,Medium
DT00003927,DTE0003612,PR00069723,Changeover,8,1,Low
DT00003928,DTE0003613,PR00069736,Process Adjustment,13,0,Medium
DT00003929,DTE0003614,PR00069755,Quality Inspection,22,0,Medium
DT00003930,DTE0003615,PR00069776,Quality Inspection,29,0,High
DT00003931,DTE0003616,PR00069785,Equipment Failure,13,0,Medium
DT00003932,DTE0003617,PR00069789,Planned Maintenance,4,1,Low
DT00003933,DTE0003618,PR00069798,Process Adjustment,26,0,High
DT00003934,DTE0003619,PR00069798,Changeover,4,1,Low
DT00003935,DTE0003618,PR00069799,Process Adjustment,13,0,Medium
DT00003936,DTE0003620,PR00069812,Quality Inspection,11,0,Medium
DT00003937,DTE0003621,PR00069871,Changeover,27,1,High
DT00003938,DTE0003622,PR00069873,Equipment Failure,3,0,Low
DT00003939,DTE0003623,PR00069883,Planned Maintenance,30,1,High
DT00003940,DTE0003623,PR00069884,Planned Maintenance,1,1,Low
DT00003941,DTE0003624,PR00069948,Changeover,11,1,Medium
DT00003942,DTE0003625,PR00069960,Changeover,4,1,Low
DT00003943,DTE0003626,PR00069979,Changeover,30,1,High
DT00003944,DTE0003626,PR00069980,Changeover,3,1,Low